Company,Sector,Market capitalization,Income (ttm),Revenue (ttm),Book value per share (mrq),Dividend yield (annual),Full time employees,Analysts' mean recommendation (1=Buy 5=Sell),Current Ratio (mrq),Total Debt to Equity (mrq),Long Term Debt to Equity (mrq),Annual EPS growth past 5 years,Annual sales growth past 5 years,Return on Assets (ttm),Return on Equity (ttm),Return on Investment (ttm),Operating Margin (ttm),Shares outstanding,Volume,Performance (Year),Beta,Average True Range (14),Volatility (Month),Current stock price
A,Technology,41050000000.0,1320000000.0,6930000000.0,18.95,0.0064,18300.0,1.9,2.1,0.53,0.49,0.148,0.089,0.125,0.25,0.169,0.241,296000000.0,312065,0.0932,1.04,3.27,2.09%,141.37
AAL,Industrials,10650000000.0,127000000.0,48970000000.0,-8.91,,129700.0,3.0,0.7,,,-0.461,0.028,0.002,-0.016,0.052,0.033,650950000.0,7890314,0.2107,1.56,0.48,2.73%,16.36
AAP,Consumer Cyclical,7880000000.0,501900000.0,11150000000.0,45.06,0.0454,40000.0,2.7,1.1,0.51,0.44,0.131,0.035,0.042,0.181,0.138,0.063,59440000.0,454142,-0.3412,1.15,3.7,2.39%,132.14
AAPL,Technology,2336710000000.0,95170000000.0,387540000000.0,3.57,0.006,164000.0,2.0,0.9,1.96,1.76,0.216,0.115,0.275,1.635,0.583,0.294,15890000000.0,22342699,-0.0224,1.29,3.3,1.86%,153.91
ABBV,Healthcare,261850000000.0,11780000000.0,58050000000.0,9.74,0.0396,50000.0,2.4,1.0,3.67,3.43,0.133,0.155,0.083,0.734,0.205,0.312,1770000000.0,1706632,0.0143,0.55,2.8,1.86%,149.25
ABC,Healthcare,30470000000.0,1730000000.0,241810000000.0,-0.87,0.0128,39000.0,2.1,0.9,,,0.374,0.093,0.03,,0.345,0.01,204030000.0,492848,0.0409,0.52,3.04,1.91%,150.31
ABT,Healthcare,169740000000.0,6930000000.0,43650000000.0,21.04,0.0205,115000.0,2.0,1.6,0.46,0.4,0.305,0.098,0.094,0.192,0.13,0.192,1740000000.0,1709907,-0.1406,0.67,2.0,1.99%,99.78
ACN,Technology,171050000000.0,7050000000.0,62380000000.0,36.46,0.017,721000.0,2.1,1.3,0.0,0.0,0.145,0.112,0.153,0.324,0.319,0.151,658390000.0,585642,-0.1191,1.24,5.37,1.70%,265.69
ADBE,Technology,153470000000.0,4760000000.0,17610000000.0,30.09,,29239.0,2.2,1.1,0.29,0.26,0.245,0.192,0.179,0.339,0.267,0.346,467000000.0,1466964,-0.198,1.28,9.68,2.43%,346.09
ADI,Technology,93540000000.0,3430000000.0,12580000000.0,72.04,0.0184,24450.0,2.0,2.1,0.0,0.18,0.181,0.18,0.068,0.094,0.068,0.322,507120000.0,1150758,0.2582,1.15,3.99,2.04%,186.87
ADM,Consumer Defensive,43530000000.0,4340000000.0,101560000000.0,43.91,0.0225,42000.0,2.2,1.5,0.38,0.32,0.294,0.108,0.071,0.18,0.098,0.041,553000000.0,774159,-0.0438,0.8,1.47,1.75%,79.49
ADP,Technology,91070000000.0,3150000000.0,17250000000.0,7.21,0.0225,60000.0,3.0,1.0,1.0,1.0,0.12,0.059,0.053,0.969,0.471,0.237,414300000.0,398554,0.0826,0.82,3.74,1.61%,222.35
ADSK,Technology,42780000000.0,823000000.0,5000000000.0,4.19,,12600.0,2.1,0.7,2.9,2.52,0.234,0.166,0.066,0.702,0.158,0.158,216000000.0,373095,0.0511,1.53,6.76,2.75%,205.96
AEE,Utilities,21430000000.0,1070000000.0,7960000000.0,40.57,0.0303,9244.0,2.2,0.8,1.44,1.3,0.083,0.052,0.029,0.106,0.052,0.19,259000000.0,278405,-0.0403,0.44,1.58,1.82%,84.21
AEP,Utilities,45320000000.0,2310000000.0,19640000000.0,46.59,0.0372,16974.0,2.3,0.6,1.67,1.41,0.033,0.049,0.025,0.096,0.054,0.177,513880000.0,734734,-0.0473,0.45,1.8,1.98%,90.74
AES,Utilities,16230000000.0,-546000000.0,12620000000.0,2.97,0.0269,9100.0,1.8,1.2,14.7,13.6,-0.029,0.037,-0.015,-0.256,0.022,0.064,668820000.0,895469,0.1605,0.94,0.64,2.47%,25.02
AFL,Financial Services,39960000000.0,4200000000.0,19530000000.0,36.09,0.0254,12882.0,2.9,,0.33,0.33,0.145,-0.021,0.031,0.164,0.149,0.247,619680000.0,803621,0.1055,0.94,1.29,1.74%,65.48
AIG,Financial Services,42160000000.0,10250000000.0,56440000000.0,53.06,0.0223,26200.0,2.3,,0.69,0.63,0.816,0.026,0.019,0.23,0.186,0.273,744820000.0,1937597,0.0184,1.16,1.27,2.04%,56.48
AIZ,Financial Services,6430000000.0,276600000.0,10200000000.0,79.18,0.0229,13700.0,2.0,,0.5,0.5,-0.04,0.097,0.008,0.062,0.061,0.045,53410000.0,118994,-0.264,0.55,2.57,2.10%,122.32
AJG,Financial Services,39660000000.0,1110000000.0,8550000000.000001,43.29,0.0116,44000.0,1.9,1.0,0.67,0.61,0.128,0.065,0.028,0.125,0.092,0.185,211200000.0,322935,0.2593,0.7,3.27,1.75%,189.06
AKAM,Technology,11300000000.0,523700000.0000001,3620000000.0,27.75,,9800.0,2.7,2.4,0.0,0.52,0.178,0.078,0.064,0.122,0.083,0.187,157110000.0,443411,-0.301,0.8,1.84,2.26%,74.84
ALB,Basic Materials,28650000000.0,2690000000.0,7320000000.0,68.13,0.0063,7400.0,2.4,1.9,0.4,0.4,0.435,0.19,0.202,0.404,0.186,0.337,117160000.0,758272,0.3431,1.57,10.42,4.01%,242.76
ALGN,Healthcare,23830000000.0,361600000.0,3730000000.0,46.45,,23165.0,2.1,1.3,0.0,0.0,0.036,0.204,0.061,0.099,0.112,0.172,77540000.0,196526,-0.2025,1.6,12.36,3.69%,330.96
ALK,Healthcare,6220000000.0,58000000.0,9650000000.0,29.97,,22922.0,1.9,0.7,0.57,0.49,-0.4,0.041,0.004,0.015,0.008,0.007,127310000.0,400495,0.0396,1.54,1.19,2.11%,48.52
ALL,Financial Services,31770000000.0,-1416000000.0,51410000000.0,58.66,0.0291,54000.0,2.3,,0.51,0.51,-0.216,0.054,-0.015,-0.08,-0.058,-0.036,264300000.0,402165,-0.0092,0.6,2.8,2.11%,120.91
ALLE,Industrials,9850000000.0,458000000.0,3270000000.0,10.7,0.0157,12300.0,2.6,1.7,2.22,2.21,0.089,0.063,0.126,0.563,0.172,0.177,88000000.0,196683,0.0212,1.11,2.48,2.21%,113.79
AMAT,Technology,99840000000.0,6450000000.0,26250000000.0,15.88,0.0088,33000.0,2.1,2.3,0.43,0.41,0.18,0.119,0.243,0.524,0.38,0.296,845000000.0,1864092,-0.0383,1.61,3.65,2.90%,119.39
AMCR,Consumer Cyclical,16240000000.0,1060000000.0,14970000000.0,2.95,0.0447,37000.0,3.0,1.3,1.59,1.57,0.018,0.098,0.061,0.252,0.089,0.102,1480000000.0,2545941,0.0055,0.85,0.2,1.83%,11.0
AMD,Technology,135740000000.0,1320000000.0,23600000000.0,33.84,,25000.0,2.1,2.4,0.05,0.05,0.219,0.351,0.02,0.024,0.024,0.054,1620000000.0,46038530,-0.184,1.92,3.25,3.71%,86.11
AME,Industrials,32030000000.0,1160000000.0,6150000000.0,32.54,0.0071,19600.0,2.4,1.6,0.32,0.29,0.145,0.074,0.096,0.163,0.125,0.244,229750000.0,254709,0.0912,1.23,2.3,1.54%,140.58
AMGN,Healthcare,121940000000.0,6550000000.0,26320000000.0,6.84,0.0373,25200.0,2.7,1.4,10.64,10.2,0.02,0.029,0.106,2.461,0.206,0.366,535000000.0,484609,-0.0106,0.64,4.21,1.67%,228.65
AMP,Financial Services,35060000000.0,2560000000.0,14350000000.0,33.18,0.0148,13500.0,2.1,,10.01,1.43,0.148,0.033,0.016,0.632,0.069,0.236,108900000.0,239196,0.2371,1.48,7.52,1.99%,323.36
AMT,Real Estate,88920000000.0,1770000000.0,10710000000.0,11.97,0.0319,6391.0,2.0,0.4,6.94,6.13,0.074,0.1,0.026,0.292,0.053,0.22,465650000.0,519850,-0.1417,0.57,5.53,2.47%,195.66
AMZN,Consumer Cyclical,934330000000.0,-2722000000.0,513980000000.0,14.29,,1541000.0,1.8,0.9,0.61,0.58,-0.26,0.236,-0.006,-0.02,0.066,0.024,10220000000.0,26986250,-0.3004,1.25,2.96,2.73%,95.16
ANET,Technology,44140000000.0,1350000000.0,4380000000.0,15.96,,3612.0,2.2,4.3,0.0,0.0,0.233,0.216,0.218,0.31,0.266,0.349,306160000.0,1910130,0.3218,1.24,4.29,3.11%,151.48
ANSS,Technology,26110000000.0,523700000.0000001,2070000000.0,55.92,,5600.0,2.3,2.1,0.0,0.15,0.136,0.135,0.084,0.115,0.096,0.287,87020000.0,220539,0.0191,1.24,7.78,2.39%,304.65
AON,Financial Services,61240000000.0,2590000000.0,12480000000.0,-3.71,0.0074,50000.0,2.8,1.0,,,0.042,0.053,0.045,2.781,0.153,0.195,210900000.0,294933,0.0908,0.89,4.99,1.58%,302.07
AOS,Industrials,10040000000.0,235700000.0,3750000000.0,11.48,0.0179,12000.0,2.9,1.7,0.2,0.19,-0.069,0.046,0.071,0.133,0.113,0.06,152270000.0,506873,0.0322,1.26,1.59,2.12%,68.34
APA,Energy,11710000000.0,3670000000.0,11070000000.0,1.36,0.026,2273.0,2.3,0.9,12.89,12.89,0.244,0.135,0.282,9.249,0.769,0.557,311000000.0,2113642,-0.0214,3.55,1.58,3.73%,37.81
APD,Basic Materials,63810000000.0,2260000000.0,12880000000.0,62.72,0.0241,19710.0,2.4,1.9,0.58,0.54,0.143,0.092,0.082,0.166,0.088,0.192,222200000.0,294788,0.3157,0.86,5.64,1.86%,287.84
APH,Technology,46680000000.0,1900000000.0,12620000000.0,11.79,0.0106,91000.0,2.2,2.4,0.65,0.65,0.131,0.125,0.126,0.287,0.176,0.205,595000000.0,503130,0.0948,1.24,1.38,1.65%,79.42
APTV,Consumer Cyclical,31050000000.0,531000000.0,17490000000.0,32.51,,160000.0,2.2,1.6,0.74,0.73,-0.133,0.063,0.026,0.063,0.071,0.069,270960000.0,439008,0.1537,2.04,3.19,2.56%,115.53
ARE,Real Estate,24870000000.0,513299999.9999999,2590000000.0,114.68,0.0335,593.0,1.7,,0.54,0.54,0.15,0.181,0.015,0.029,0.019,0.216,165440000.0,280154,-0.2559,0.98,3.76,2.09%,141.97
ATO,Utilities,15910000000.0,796600000.0,4670000000.0,69.36,0.0263,4791.0,2.3,1.0,0.89,0.67,0.092,0.088,,,0.048,,141820000.0,243011,-0.0067,0.62,2.18,1.91%,112.64
ATVI,Communication Services,61020000000.0,1510000000.0,7530000000.0,24.51,0.0059,13000.0,2.0,4.1,0.19,0.19,0.101,0.014,0.059,0.082,0.063,0.222,785000000.0,935949,-0.0223,0.4,1.22,1.59%,79.22
AVB,Real Estate,23880000000.0,1130000000.0,2590000000.0,80.55,0.038,2947.0,2.7,,0.74,0.74,0.051,0.037,0.057,0.102,0.027,0.207,139710000.0,325673,-0.2732,0.94,3.78,2.08%,174.4
AVGO,Technology,249390000000.0,12600000000.0,34410000000.0,55.12,0.0291,20000.0,1.9,2.6,1.74,1.72,0.458,0.135,0.136,0.449,0.214,0.373,412000000.0,788717,0.1078,1.12,13.7,1.97%,638.02
AVY,Consumer Cyclical,14260000000.0,757100000.0,9040000000.0,25.09,0.0168,36000.0,1.9,1.0,1.53,1.23,0.128,0.064,0.094,0.383,0.146,0.11,81000000.0,106992,0.12,0.97,3.94,2.09%,177.99
AWK,Utilities,24950000000.0,820000000.0,3790000000.0,42.27,0.019,6500.0,2.5,0.4,1.61,1.42,0.079,0.025,0.031,0.108,0.055,0.341,182000000.0,432752,-0.1031,0.57,3.15,2.17%,138.35
AXP,Financial Services,127380000000.0,7400000000.0,54390000000.0,33.04,0.0119,77300.0,2.4,,6.24,1.72,0.107,0.076,0.035,0.315,0.042,0.176,748000000.0,1739860,0.0943,1.19,3.69,1.75%,175.15
AZO,Consumer Cyclical,45210000000.0,2410000000.0,16570000000.0,-201.92,,69440.0,2.0,0.8,,,0.216,0.083,0.163,-0.695,0.906,0.196,19010000.0,47814,0.3198,0.69,47.24,1.77%,2440.52
BA,Industrials,121050000000.0,-4940000000.0,66610000000.0,-26.58,,156000.0,2.0,1.2,,,-0.22,-0.067,-0.036,0.309,-0.087,-0.053,597600000.0,1465694,0.1777,1.42,5.33,2.37%,204.68
BAC,Financial Services,255490000000.0,26020000000.0,72560000000.0,30.27,0.027,217000.0,2.4,,2.03,1.06,0.129,0.047,0.008,0.108,0.063,0.688,8090000000.0,46793321,-0.1978,1.41,0.77,1.73%,30.95
BALL,Consumer Cyclical,17130000000.0,719000000.0,15350000000.0,11.03,0.0144,21000.0,2.7,0.8,2.59,2.18,0.119,0.069,0.035,0.201,0.084,0.078,313840000.0,472926,-0.3717,0.78,1.51,2.61%,55.16
BAX,Healthcare,19740000000.0,-2433000000.0,15110000000.0,11.5,0.0294,60000.0,2.5,1.7,2.85,2.61,-0.335,0.074,-0.081,-0.332,-0.096,-0.139,507000000.0,1726256,-0.5057,0.55,1.03,2.57%,39.76
BBWI,Consumer Cyclical,8990000000.0,794000000.0,7560000000.0,-11.44,0.0204,8800.0,2.0,1.3,,,-0.002,-0.089,0.183,-0.405,0.439,0.228,228000000.0,446626,-0.1448,1.75,1.57,3.67%,38.99
BBY,Consumer Cyclical,17420000000.0,1550000000.0,47930000000.0,13.27,0.0453,105000.0,3.0,1.0,0.39,0.38,0.213,0.056,0.109,0.607,0.58,0.048,225500000.0,518649,-0.207,1.54,2.27,2.60%,80.2
BDX,Healthcare,65739999999.99999,1490000000.0,18740000000.0,89.72,0.0155,77000.0,2.2,1.1,0.65,0.56,0.031,0.093,,,0.052,,283890000.0,228942,-0.0873,0.54,3.74,1.49%,235.92
BEN,Financial Services,14070000000.0,961800000.0,8020000000.0,23.83,0.0419,9400.0,3.5,,0.82,0.82,-0.034,0.053,0.035,0.083,0.068,0.176,489600000.0,1124515,0.0241,1.3,0.8,2.45%,28.27
BF-B,Consumer Defensive,29850000000.0,886000000.0,4130000000.0,6.34,0.0129,5200.0,3.2,3.4,0.79,0.65,0.049,0.056,0.136,0.319,0.185,0.302,479140000.0,537609,0.0022,0.7,1.36,1.87%,64.19
BIIB,Healthcare,37790000000.0,3050000000.0,10170000000.0,93.17,,8725.0,2.2,3.0,0.47,0.47,0.037,-0.037,0.124,0.247,0.098,0.252,143800000.0,201576,0.3018,0.18,5.92,2.29%,262.98
BIO,Healthcare,13760000000.0,-3627500000.0,2800000000.0,323.93,,8200.0,1.7,5.6,0.12,0.12,0.3555,0.053,-0.276,-0.39,0.143,0.167,29680000.0,63933,-0.0517,0.91,14.63,2.84%,497.47
BK,Financial Services,38940000000.0,2360000000.0,7120000000.0,44.2,0.0297,51700.0,2.2,,0.86,0.86,-0.009,0.102,0.005,0.066,0.04,0.487,812160000.0,2336954,-0.0453,1.08,0.96,1.61%,48.43
BKNG,Consumer Cyclical,95670000000.0,3060000000.0,17090000000.0,72.24,,21600.0,2.4,1.9,4.49,4.31,0.005,0.061,0.13,0.825,0.277,0.299,38510000.0,138221,0.3458,1.33,54.87,2.21%,2556.46
BKR,Energy,31220000000.0,-602000000.0,21160000000.0,14.41,0.0242,55000.0,2.0,1.3,0.46,0.42,-0.049,0.042,-0.018,-0.04,0.006,0.035,1010000000.0,1517238,-0.1172,1.47,0.89,2.54%,30.72
BLK,Financial Services,99950000000.0,5180000000.0,17870000000.0,251.48,0.0297,19800.0,2.1,,0.0,0.18,0.081,0.056,0.041,0.139,0.115,0.357,150090000.0,268056,0.0006,1.3,14.56,1.98%,663.29
BMY,Healthcare,141000000000.0,6330000000.0,46160000000.0,14.73,0.0339,34300.0,2.3,1.2,1.27,1.13,0.045,0.173,0.064,0.198,0.118,0.215,2110000000.0,2474899,-0.0113,0.44,1.2,1.66%,66.97
BR,Technology,16550000000.0,532600000.0,5830000000.0,15.18,0.0204,14300.0,2.7,1.3,2.3,2.3,0.11,0.066,0.065,0.287,0.11,0.134,117700000.0,129695,-0.0093,1.01,2.48,1.59%,143.73
BRK-B,Financial Services,683770000000.0,,302090000000.0,,,383000.0,2.7,,,,0.1156,,,,,,1300000000.0,978260,-0.0269,,4.67,1.50%,309.95
BRO,Financial Services,16000000000.0,659200000.0,3570000000.0,16.56,0.0081,15201.0,2.5,1.1,0.86,0.8,0.197,0.137,0.052,0.15,0.095,0.283,278100000.0,296685,-0.0744,0.75,1.03,1.73%,56.58
BSX,Healthcare,66480000000.00001,642000000.0,12680000000.0,12.26,,45000.0,1.8,1.5,0.51,0.51,-0.084,0.07,0.02,0.037,0.038,0.115,1430000000.0,1671159,0.1614,0.79,0.73,1.52%,47.5
BWA,Consumer Cyclical,11700000000.0,944000000.0,15800000000.0,31.07,0.0136,52700.0,2.3,1.6,0.59,0.58,0.034,0.1,0.057,0.135,0.094,0.087,234130000.0,513497,0.369,1.42,1.03,2.30%,49.45
BXP,Real Estate,9980000000.0,848100000.0,3110000000.0,39.12,0.0611,780.0,2.6,,2.36,2.36,0.13,0.036,0.036,0.141,0.051,0.34,156780000.0,626304,-0.4796,1.12,1.86,2.41%,63.52
C,Financial Services,96720000000.0,13930000000.0,74410000000.0,94.07,0.0403,240000.0,2.5,,0.0,1.49,0.055,0.039,0.006,0.076,0.089,0.59,1940000000.0,11134781,-0.0965,1.58,1.08,2.01%,49.57
CAG,Consumer Defensive,17120000000.0,681700000.0,12040000000.0,18.08,0.0368,18000.0,2.7,0.9,1.08,0.93,0.084,0.081,0.03,0.079,0.063,0.095,479400000.0,1476402,0.1508,0.55,0.62,1.63%,35.6
CAH,Healthcare,18600000000.0,-1273000000.0,193010000000.0,-8.48,0.0273,46500.0,2.6,1.0,,,-0.231,0.069,-0.029,0.943,-0.167,0.0,261000000.0,983674,0.367,0.76,1.48,1.76%,71.67
CARR,Industrials,38130000000.0,3530000000.0,20420000000.0,9.29,0.0156,52000.0,2.5,1.6,1.14,1.12,0.237,0.028,0.142,0.492,0.229,0.221,835300000.0,1976000,0.0776,,1.09,2.20%,46.96
CAT,Industrials,126850000000.0,6710000000.0,59430000000.0,30.68,0.0193,109100.0,2.6,1.4,2.33,1.62,0.194,0.055,0.082,0.417,0.11,0.133,517299999.9999999,803863,0.1679,1.09,5.85,2.21%,245.25
CB,Financial Services,84940000000.0,5310000000.0,43170000000.0,121.71,0.0163,34000.0,2.3,,0.3,0.29,0.116,0.06,0.027,0.103,0.09,0.167,415250000.0,470025,0.022,0.67,3.6,1.47%,202.01
CBOE,Financial Services,13010000000.0,233700000.0,3960000000.0,32.69,0.0162,1543.0,2.5,1.1,0.5,0.41,0.028,0.122,0.031,0.069,0.056,0.124,106000000.0,166782,0.0836,0.49,2.33,1.82%,123.19
CBRE,Real Estate,25320000000.0,1410000000.0,30830000000.0,25.0,,115000.0,2.0,1.0,0.29,0.15,0.117,0.106,0.068,0.174,0.126,0.049,314140000.0,296469,-0.0227,1.39,1.89,2.16%,82.92
CCI,Real Estate,55420000000.0,1680000000.0,6990000000.0,17.2,0.0481,5000.0,2.5,0.4,2.92,2.81,0.356,0.104,0.043,0.216,0.082,0.343,433000000.0,579977,-0.2491,0.67,3.37,2.35%,130.54
CCL,Consumer Cyclical,12650000000.0,-6093000000.0,12170000000.0,5.62,,85000.0,2.7,0.7,4.89,4.52,-0.28,-0.07,-0.116,-0.717,-0.106,-0.36,1260000000.0,16654393,-0.3586,2.24,0.48,4.28%,10.19
CDAY,Technology,10950000000.0,-73400000.0,1250000000.0,13.73,,8526.0,2.5,1.1,0.58,0.58,0.177,0.132,-0.008,-0.035,-0.022,-0.05,153690000.0,344121,0.1366,1.45,2.33,3.01%,72.25
CDNS,Technology,53330000000.0,849000000.0,3560000000.0,10.18,,10200.0,1.9,1.3,0.27,0.24,0.518,0.129,0.18,0.313,0.251,0.301,272940000.0,746955,0.3753,1.06,4.25,2.02%,200.52
CDW,Technology,27100000000.0,1110000000.0,23750000000.0,11.83,0.0118,15100.0,1.8,1.3,3.69,3.66,0.235,0.099,0.083,0.905,0.181,0.073,135500000.0,129029,0.2161,1.13,3.49,1.90%,200.4
CE,Basic Materials,12690000000.0,1900000000.0,9670000000.0,51.95,0.0237,13263.0,2.5,1.6,2.6,2.37,0.205,0.095,0.104,0.377,0.092,0.142,108510000.0,242456,-0.1282,1.31,3.69,3.16%,116.74
CEG,Utilities,24630000000.0,-151000000.0,22640000000.0,33.04,0.0144,11696.0,2.2,1.2,0.5,0.41,,,-0.003,-0.014,-0.029,0.029,327000000.0,695197,0.5307,,2.5,3.03%,80.08
CF,Basic Materials,16630000000.0,3350000000.0,11190000000.0,25.72,0.019,2700.0,2.4,3.7,0.0,0.59,0.985,0.221,0.249,0.74,0.528,0.482,196400000.0,783475,-0.1144,1.03,2.75,3.26%,82.61
CFG,Financial Services,18150000000.0,1960000000.0,7060000000.0,43.92,0.0441,18889.0,2.1,,0.34,0.31,0.096,0.075,0.009,0.092,0.171,0.784,493490000.0,3857357,-0.1965,1.35,1.01,2.06%,36.67
CHD,Consumer Defensive,20480000000.0,413900000.0,5380000000.0,14.19,0.013,5250.0,2.7,1.2,0.77,0.74,-0.018,0.073,0.05,0.117,0.079,0.111,246000000.0,242924,-0.1158,0.46,1.32,1.47%,84.28
CHRW,Industrials,12000000000.0,940500000.0,24700000000.0,11.4,0.0238,17399.0,3.2,1.1,1.53,0.68,0.162,0.107,0.136,0.524,0.303,0.051,118760000.0,1271505,0.035,0.81,2.34,2.01%,105.11
CHTR,Communication Services,53010000000.0,5050000000.0,54020000000.0,59.43,,101700.0,2.6,0.3,10.7,10.54,0.621,0.054,0.035,0.506,0.097,0.221,153440000.0,244483,-0.3637,1.11,10.17,2.52%,350.86
CI,Healthcare,83150000000.0,6670000000.0,180020000000.0,149.13,0.0176,71300.0,2.4,,0.69,0.63,0.171,0.338,0.045,0.147,0.105,0.053,300880000.0,706312,0.2003,0.65,6.08,1.84%,274.99
CINF,Financial Services,18170000000.0,-486000000.0,6560000000.0,66.95,0.0256,5148.0,2.9,,0.08,0.08,-0.239,0.027,-0.017,-0.046,-0.038,-0.098,157300000.0,161777,-0.0231,0.65,2.74,2.54%,116.56
CL,Consumer Defensive,59610000000.0,1780000000.0,17970000000.0,0.48,0.0261,33800.0,2.6,1.3,21.86,21.8,-0.038,0.031,0.113,4.722,0.24,0.16,832500000.0,2441034,-0.0419,0.48,1.24,1.49%,71.73
CLX,Consumer Defensive,18760000000.0,435000000.0,7070000000.0,2.6,0.0312,9000.0,3.4,0.9,8.36,7.71,-0.069,0.035,0.071,1.085,0.143,0.081,123550000.0,266752,0.0925,0.28,2.69,1.49%,151.25
CMA,Financial Services,8690000000.0,1120000000.0,2670000000.0,36.54,0.0422,7280.0,2.1,,0.63,0.63,0.122,0.041,0.013,0.203,0.266,0.9,131000000.0,1440860,-0.2542,1.23,1.99,2.32%,63.01
CMCSA,Communication Services,150220000000.0,5370000000.0,121430000000.0,18.93,0.0323,186000.0,2.4,0.8,1.24,1.21,-0.104,0.074,0.02,0.062,0.054,0.116,4280000000.0,4245796,-0.2197,1.0,0.82,2.12%,35.99
CME,Financial Services,65870000000.00001,2660000000.0,5020000000.0,74.89,0.0242,3460.0,2.4,1.0,0.13,0.13,-0.087,0.066,0.014,0.096,0.073,0.601,358890000.0,537199,-0.174,0.42,3.21,1.88%,179.2
CMG,Consumer Cyclical,41930000000.0,899100000.0,8630000000.0,85.54,,104958.0,1.9,1.3,0.0,0.0,0.39,0.14,0.134,0.4,0.371,0.134,27680000.0,148796,0.1997,1.31,35.72,2.13%,1575.88
CMI,Industrials,35530000000.0,2150000000.0,28070000000.0,63.43,0.0245,73600.0,2.4,1.3,0.88,0.5,0.073,0.066,0.079,0.249,0.136,0.104,141500000.0,780167,0.3078,1.01,5.5,2.13%,252.43
CMS,Utilities,17130000000.0,758000000.0,8600000000.0,23.46,0.0326,8560.0,2.5,1.2,2.11,1.94,0.038,0.055,0.028,0.124,0.053,0.142,289500000.0,416539,-0.0828,0.35,1.26,2.00%,60.46
CNC,Healthcare,36620000000.0,1200000000.0,144550000000.0,42.96,,74300.0,2.0,,0.75,0.75,0.008,0.245,0.015,0.047,0.014,0.009,559930000.0,887393,-0.1861,0.57,1.57,2.22%,66.39
CNP,Utilities,17360000000.0,1010000000.0,9320000000.0,14.71,0.0272,8986.0,2.1,0.9,1.82,1.6,0.004,-0.006,0.027,0.109,0.056,0.201,629000000.0,1241089,-0.0063,0.88,0.59,2.03%,28.36
COF,Financial Services,39410000000.0,7040000000.0,31240000000.0,124.8,0.0229,55943.0,2.6,,1.0,1.0,0.192,0.044,0.016,0.145,0.201,0.681,382500000.0,698779,-0.1858,1.5,2.99,2.33%,102.65
COO,Healthcare,15440000000.0,385900000.0,3310000000.0,145.53,0.0002,14000.0,2.4,1.2,0.39,0.33,0.006,0.091,0.037,0.061,0.042,0.161,49300000.0,78209,-0.0987,0.89,9.36,2.49%,342.86
COP,Energy,130320000000.0,18680000000.0,78490000000.0,38.75,0.0498,9500.0,2.0,1.5,0.35,0.34,0.656,0.216,0.199,0.38,0.261,0.342,1240000000.0,1744818,0.1164,1.33,3.33,2.83%,106.91
COST,Consumer Defensive,220400000000.0,6050000000.0,234390000000.0,48.38,0.0074,304000.0,2.1,1.0,0.3,0.3,0.167,0.12,0.091,0.287,0.204,0.033,443840000.0,495613,-0.069,0.79,9.71,1.75%,487.24
CPB,Consumer Defensive,15920000000.0,793000000.0,8900000000.0,11.6,0.0279,14700.0,3.3,0.8,1.4,1.15,-0.036,0.08,0.066,0.234,0.116,0.137,299000000.0,891695,0.2546,0.33,0.98,1.78%,53.07
CPRT,Industrials,33770000000.0,1080000000.0,3670000000.0,10.94,,9500.0,1.6,5.4,0.0,0.0,0.221,0.193,0.194,0.227,0.239,0.37,476380000.0,549570,0.3038,1.23,1.2,1.69%,70.96
CPT,Real Estate,11880000000.0,652600000.0,1420000000.0,45.97,0.0353,1650.0,2.2,,0.74,0.69,0.233,0.096,0.071,0.135,0.072,0.439,108480000.0,449903,-0.3258,0.82,2.81,2.15%,112.9
CRL,Healthcare,10880000000.0,486200000.0,3980000000.0,58.46,,20000.0,1.7,1.3,0.91,0.91,0.179,0.164,0.066,0.179,0.095,0.164,50910000.0,181718,-0.1355,1.36,8.29,3.33%,221.88
CRM,Technology,183110000000.0,208000000.0,31350000000.0,59.53,,73541.0,2.1,1.1,0.18,0.16,0.263,0.257,0.006,0.009,0.006,0.0,997000000.0,2521845,-0.0488,1.21,5.32,2.36%,182.71
CSCO,Technology,198080000000.0,11300000000.0,53160000000.0,10.11,0.0318,83300.0,2.4,1.4,0.21,0.18,0.082,0.014,0.12,0.279,0.229,0.261,4100000000.0,4506437,-0.0896,0.98,0.88,1.79%,49.52
CSX,Industrials,62700000000.0,4170000000.0,14850000000.0,6.08,0.0145,22500.0,2.2,1.6,1.43,1.42,0.221,0.054,0.101,0.322,0.156,0.406,2080000000.0,4243163,-0.1375,1.23,0.74,2.41%,30.18
CTAS,Industrials,43970000000.0,1280000000.0,8380000000.000001,33.75,0.0105,43000.0,2.2,1.9,0.85,0.72,0.228,0.081,0.155,0.386,0.217,0.203,101640000.0,72106,0.2056,1.34,7.92,1.77%,443.05
CTLT,Healthcare,12050000000.0,409000000.0,4760000000.0,27.14,,19000.0,2.1,1.9,0.99,0.86,0.267,0.184,0.039,0.086,0.074,0.138,181000000.0,967603,-0.2478,1.19,2.73,3.63%,70.86
CTRA,Energy,18930000000.0,4060000000.0,9050000000.0,16.21,0.0318,981.0,2.7,1.9,0.17,0.17,0.794,0.387,0.199,0.33,0.278,0.579,781000000.0,4521781,0.0292,0.25,0.83,2.93%,25.43
CTSH,Technology,31330000000.0,2290000000.0,19430000000.0,24.04,0.0189,355300.0,3.1,2.2,0.05,0.05,0.044,0.056,0.131,0.19,0.173,0.153,512000000.0,1869413,-0.2974,1.11,1.28,1.82%,61.46
CTVA,Basic Materials,44230000000.0,1210000000.0,17450000000.0,35.4,0.0096,21000.0,2.2,1.6,0.05,0.05,-0.132,0.044,0.028,0.045,0.052,0.091,714800000.0,639894,0.227,0.81,1.4,2.32%,61.45
CVS,Healthcare,102010000000.0,4150000000.0,322470000000.0,54.25,0.0303,300000.0,2.1,0.9,0.74,0.71,-0.089,0.118,0.018,0.057,0.051,0.024,1310000000.0,4257664,-0.237,0.62,1.55,1.65%,78.1
CVX,Energy,306250000000.0,35470000000.0,235720000000.0,83.46,0.0371,43846.0,2.6,1.5,0.15,0.13,0.371,0.118,0.138,0.23,0.152,0.178,1910000000.0,2215280,-0.0423,1.16,3.48,1.86%,163.31
CZR,Consumer Cyclical,11020000000.0,-513000000.0,10820000000.0,17.93,,49000.0,2.2,0.8,6.64,6.62,-0.616,0.607,-0.04,-0.373,0.049,0.095,214000000.0,821633,-0.254,2.9,2.11,3.85%,52.4
D,Utilities,45120000000.0,892000000.0,17170000000.0,31.3,0.0486,17200.0,2.8,0.7,1.75,1.49,-0.204,0.064,0.009,0.034,0.021,0.093,833800000.0,1080107,-0.3201,0.45,1.19,2.14%,55.45
DAL,Industrials,25190000000.0,1320000000.0,50580000000.0,10.32,,95000.0,1.6,0.5,3.5,3.14,-0.162,0.042,0.018,0.294,0.1,0.07,641240000.0,4779643,0.2645,1.27,0.94,2.22%,39.48
DD,Basic Materials,33160000000.0,1010000000.0,13020000000.0,55.68,0.02,23000.0,2.2,3.0,0.3,0.29,0.264,0.022,0.134,0.227,0.039,0.136,477200000.0,924756,0.0405,1.43,1.57,2.01%,71.6
DE,Industrials,123120000000.0,8189999999.999999,55330000000.0,71.68,0.0118,82200.0,2.1,,2.53,1.64,0.284,0.119,0.093,0.412,0.11,0.207,297600000.0,935425,0.1777,1.06,9.25,2.11%,429.79
DFS,Financial Services,28360000000.0,4300000000.0,12860000000.0,49.94,0.0217,20200.0,2.5,,1.49,1.2,0.211,0.059,0.036,0.332,0.217,0.672,271000000.0,436502,0.0491,1.45,2.64,1.97%,108.35
DG,Consumer Defensive,48340000000.0,2350000000.0,36290000000.0,27.14,0.0101,163000.0,2.2,1.2,0.0,0.98,0.181,0.093,0.085,0.384,0.245,0.088,224530000.0,483090,0.0997,0.33,4.12,1.66%,219.13
DGX,Healthcare,15100000000.0,942000000.0,9880000000.0,52.15,0.0208,40000.0,2.6,1.2,0.68,0.68,0.11,0.06,0.071,0.151,0.117,0.144,113000000.0,348231,0.0119,0.94,2.56,1.70%,135.9
DHI,Consumer Cyclical,31520000000.0,5670000000.0,33680000000.0,58.55,0.0107,13237.0,2.2,,0.28,0.18,0.432,0.189,0.195,0.305,0.232,0.22,344200000.0,1781551,0.1966,1.53,2.43,2.30%,96.16
DHR,Healthcare,178080000000.0,7100000000.0,31470000000.0,66.41,0.0044,79000.0,2.0,1.9,0.41,0.39,0.257,0.152,0.086,0.156,0.112,0.276,729000000.0,758131,-0.0332,0.8,5.36,2.03%,248.72
DIS,Communication Services,177420000000.0,3320000000.0,84420000000.0,52.68,,220000.0,2.0,1.0,0.5,0.47,-0.21,0.085,0.016,0.035,0.033,0.075,1820000000.0,2180581,-0.2491,1.3,2.33,2.26%,98.93
DISH,Communication Services,5820000000.0,2300000000.0,16680000000.0,33.8,,14200.0,2.4,0.8,1.19,1.1,0.153,0.03,0.046,0.137,0.033,0.123,530850000.0,2742635,-0.6257,1.83,0.69,4.92%,11.6
DLR,Real Estate,29960000000.0,337000000.0,4690000000.0,58.23,0.0461,3412.0,2.3,,0.98,0.98,0.027,0.138,0.009,0.02,0.015,0.115,289400000.0,353875,-0.2041,0.56,3.2,2.86%,106.25
DLTR,Consumer Defensive,30810000000.0,1620000000.0,28330000000.0,37.24,,61886.0,2.5,1.4,0.46,0.41,0.089,0.049,0.07,0.192,0.135,0.075,222200000.0,725884,-0.0319,0.67,3.85,2.46%,142.11
DOV,Industrials,20850000000.0,1040000000.0,8510000000.0,30.55,0.0132,25000.0,2.2,1.2,0.86,0.69,0.11,0.045,0.099,0.251,0.145,0.162,140320000.0,361904,0.0419,1.36,2.99,1.80%,152.31
DOW,Basic Materials,39740000000.0,4560000000.0,56900000000.0,29.21,0.0498,37800.0,2.9,1.8,0.74,0.71,0.396,0.054,0.074,0.238,0.116,0.099,709300000.0,1539477,-0.0354,1.34,1.24,1.97%,55.79
DPZ,Consumer Cyclical,11070000000.0,452300000.0,4540000000.0,-118.71,0.0155,11000.0,2.5,1.5,,,0.165,0.102,0.274,-0.107,0.777,0.169,35290000.0,207624,-0.203,0.77,9.78,2.57%,313.34
DRI,Consumer Cyclical,17710000000.0,910700000.0,9980000000.0,16.55,0.0332,178956.0,2.0,0.5,1.01,0.98,0.141,0.061,0.09,0.424,0.248,0.112,122100000.0,383920,0.2015,1.22,2.62,1.82%,147.44
DTE,Utilities,21880000000.0,1080000000.0,19230000000.0,51.73,0.0355,10250.0,2.0,0.8,1.84,1.62,-0.008,0.088,0.026,0.117,0.058,0.091,201000000.0,338278,-0.1391,0.61,2.18,1.84%,108.62
DUK,Utilities,71670000000.0,3770000000.0,28770000000.0,61.51,0.0425,27859.0,2.5,0.7,1.59,1.42,0.03,0.041,0.014,0.051,0.047,0.209,770000000.0,966288,-0.0907,0.42,1.88,1.96%,95.9
DVA,Healthcare,7080000000.0,546900000.0,11610000000.0,7.91,,70000.0,3.1,1.2,12.53,12.2,0.107,0.013,0.033,0.832,0.118,0.115,90090000.0,232203,-0.3102,0.94,2.03,2.39%,77.22
DVN,Energy,35030000000.0,5960000000.0,19170000000.0,17.23,0.0802,1800.0,2.2,1.3,0.6,0.58,0.94,0.241,0.258,0.575,0.349,0.416,648000000.0,3831141,-0.0544,2.39,1.89,3.14%,54.11
DXC,Technology,6110000000.0,718000000.0,14850000000.0,20.16,,130000.0,2.7,1.1,1.02,0.83,0.39,0.164,0.038,0.151,0.088,0.072,229540000.0,332979,-0.1235,1.97,0.87,2.83%,27.05
DXCM,Healthcare,42970000000.0,341200000.0,2910000000.0,5.52,,7500.0,1.6,2.0,0.95,0.59,0.378,0.323,0.066,0.162,0.082,0.134,386400000.0,1240866,0.1464,1.16,4.32,3.47%,114.87
EA,Communication Services,30560000000.0,1040000000.0,7380000000.0,27.36,0.0068,12900.0,2.2,1.2,0.25,0.25,-0.022,0.076,0.078,0.136,0.088,0.206,276000000.0,613614,-0.0894,0.86,1.8,1.40%,111.71
EBAY,Consumer Cyclical,23530000000.0,-1274000000.0,9790000000.0,9.49,0.0226,11600.0,2.7,2.2,1.72,1.5,-0.259,-0.003,-0.061,-0.228,0.191,0.24,543000000.0,1479796,-0.177,1.36,1.17,2.30%,43.88
ECL,Basic Materials,45030000000.0,1090000000.0,14190000000.0,25.43,0.0133,47000.0,2.5,1.3,1.19,1.12,-0.036,0.005,0.052,0.153,0.087,0.114,284600000.0,569423,0.0211,1.0,3.61,2.44%,160.03
ED,Utilities,32170000000.0,1660000000.0,15670000000.0,58.31,0.0353,14319.0,3.4,1.1,1.15,0.97,0.026,0.054,0.025,0.081,0.048,0.168,354800000.0,556557,0.0479,0.36,1.78,1.95%,93.0
EFX,Industrials,23830000000.0,696300000.0,5120000000.0,32.25,0.0078,14000.0,2.3,0.7,1.46,1.22,0.049,0.088,0.061,0.181,0.085,0.206,122700000.0,329869,-0.0715,1.46,5.54,2.63%,201.72
EIX,Utilities,25450000000.0,612000000.0,17220000000.0,35.81,0.0432,13388.0,2.4,0.7,2.32,1.98,-0.127,0.069,0.009,0.049,0.036,0.086,382570000.0,435102,0.0546,0.81,1.49,2.15%,68.73
EL,Consumer Defensive,87220000000.0,1490000000.0,16360000000.0,16.5,0.0106,63000.0,2.1,1.7,0.91,0.87,0.144,0.084,0.072,0.258,0.231,0.124,357700000.0,483341,-0.086,1.02,5.98,2.23%,246.64
EMN,Basic Materials,10000000000.0,793000000.0,10580000000.0,43.19,0.0374,14500.0,2.5,1.2,1.0,0.78,-0.024,0.021,0.053,0.146,0.095,0.11,119300000.0,318595,-0.2048,1.52,2.3,2.54%,83.53
EMR,Industrials,47930000000.0,2660000000.0,18530000000.0,18.38,0.0243,85500.0,,1.1,0.93,0.76,0.162,0.052,0.135,0.445,0.119,0.165,583600000.0,1089812,-0.094,1.39,1.86,2.10%,84.89
ENPH,Technology,28910000000.0,397400000.0,2330000000.0,6.06,,2821.0,2.1,3.5,1.56,1.45,0.867,0.521,0.152,0.717,0.186,0.192,136230000.0,1381985,0.2488,1.56,10.44,5.16%,219.77
EOG,Energy,68700000000.0,7760000000.0,25630000000.0,42.5,0.028,2850.0,1.9,1.9,0.2,0.15,0.82,0.178,0.196,0.336,0.262,0.389,587720000.0,1592534,0.0352,1.53,3.8,2.95%,116.43
EPAM,Technology,17590000000.0,419400000.0,4820000000.0,52.13,,59300.0,1.8,3.7,0.01,0.01,0.215,0.272,0.113,0.153,0.16,0.119,57580000.0,79477,0.625,1.58,11.07,3.49%,303.47
EQIX,Real Estate,62800000000.0,704300000.0,7260000000.0,124.29,0.0197,12097.0,2.0,1.8,1.31,1.29,0.68,0.107,0.024,0.064,0.041,0.165,92570000.0,95796,0.0142,0.62,16.88,2.28%,691.11
EQR,Real Estate,23010000000.0,773800000.0,2740000000.0,29.48,0.0404,2400.0,2.7,,0.67,0.66,0.048,0.02,0.038,0.071,0.06,0.408,377710000.0,353096,-0.2789,0.84,1.44,2.26%,62.07
ES,Utilities,25660000000.0,1400000000.0,12220000000.0,44.36,0.036,9626.0,2.5,0.6,1.49,1.3,0.054,0.095,0.028,0.093,0.045,0.18,348790000.0,414623,-0.1089,0.48,1.69,2.10%,75.82
ESS,Real Estate,14630000000.0,408300000.0,1610000000.0,88.32,0.0398,1772.0,2.8,,1.04,1.04,-0.009,0.033,0.032,0.07,,0.37,64720000.0,127470,-0.3128,0.78,5.49,2.19%,231.47
ETN,Industrials,69580000000.0,2460000000.0,20750000000.0,42.8,0.0194,92000.0,2.2,1.4,0.51,0.49,-0.012,0.003,0.07,0.149,0.102,0.147,398100000.0,596215,0.2112,1.13,3.06,1.98%,177.08
ETR,Utilities,21650000000.0,1100000000.0,13760000000.0,62.33,0.0412,11707.0,2.2,0.6,2.06,1.82,-0.001,0.044,0.019,0.091,0.053,0.149,208020000.0,465528,-0.0386,0.64,2.21,2.09%,105.17
ETSY,Consumer Cyclical,13760000000.0,-694300000.0,2570000000.0,-4.34,,2790.0,2.3,2.4,,,0.593,0.422,-0.223,,-0.373,-0.257,126160000.0,3773480,-0.2196,2.02,6.4,4.90%,108.03
EVRG,Utilities,13340000000.0,752700000.0,5860000000.0,41.25,0.0417,4512.0,2.8,0.5,1.27,1.05,0.075,0.179,0.026,0.08,0.057,0.216,229900000.0,759390,-0.0598,0.49,1.31,2.08%,59.92
EW,Healthcare,46030000000.0,1520000000.0,5380000000.0,9.47,,17300.0,2.4,3.0,0.1,0.1,0.125,0.094,0.18,0.256,0.235,0.325,613000000.0,1051354,-0.2384,1.02,2.09,2.38%,77.68
EXC,Utilities,40020000000.0,2050000000.0,19080000000.0,24.87,0.0349,19063.0,2.2,0.7,1.62,1.44,-0.122,-0.107,0.023,0.09,0.046,0.174,995000000.0,1690756,-0.0436,0.54,0.86,2.02%,41.6
EXPD,Industrials,17190000000.0,1360000000.0,17070000000.0,19.78,0.0121,19900.0,3.3,2.2,0.0,0.0,0.272,0.198,0.197,0.389,0.434,0.107,157210000.0,461966,0.1183,0.99,2.61,2.21%,111.98
EXPE,Consumer Cyclical,16160000000.0,352000000.0,11670000000.0,14.69,,16500.0,2.4,0.8,2.73,2.73,-0.013,0.03,0.015,0.165,0.111,0.098,155390000.0,822976,-0.3745,1.63,3.62,3.21%,103.64
EXR,Real Estate,21820000000.0,859500000.0,1920000000.0,24.34,0.0396,4781.0,2.6,,2.25,2.25,0.116,0.117,0.075,0.266,0.096,0.546,133920000.0,205426,-0.1635,0.57,3.99,2.35%,164.45
F,Consumer Cyclical,49640000000.0,-1981000000.0,158060000000.0,10.8,0.0462,173000.0,2.8,1.2,3.21,2.05,-0.179,0.002,-0.008,-0.045,0.039,0.039,4000000000.0,26129428,-0.1666,1.55,0.41,3.01%,12.72
FANG,Energy,25700000000.0,4340000000.0,9640000000.0,84.49,0.0225,972.0,2.0,0.8,0.42,0.42,0.343,0.516,0.179,0.316,0.246,0.665,177640000.0,698929,0.1215,2.04,4.77,3.33%,142.04
FAST,Industrials,29790000000.0,1090000000.0,6980000000.0,5.54,0.0264,19854.0,3.1,4.0,0.18,0.11,0.145,0.097,0.238,0.344,0.296,0.208,571010000.0,607737,-0.0243,1.18,1.08,1.99%,52.85
FCX,Basic Materials,56790000000.0,3460000000.0,22780000000.0,10.86,0.0148,25600.0,2.4,2.5,0.68,0.62,0.206,0.068,0.069,0.229,0.183,0.31,1430000000.0,5264916,-0.149,2.01,1.54,2.91%,39.38
FDS,Financial Services,15370000000.0,426100000.0,1920000000.0,38.67,0.0087,11627.0,2.9,2.2,1.26,1.26,0.095,0.086,0.118,0.322,0.129,0.273,38120000.0,43416,0.0078,0.84,7.67,1.69%,410.35
FDX,Industrials,52340000000.0,3330000000.0,94090000000.0,94.57,0.022,191000.0,2.2,1.3,0.84,0.83,0.053,0.092,0.039,0.135,0.114,0.06,255000000.0,846128,0.0383,1.33,4.48,1.93%,211.8
FE,Utilities,22340000000.0,406000000.0,12460000000.0,17.8,0.0393,12335.0,2.4,0.6,2.13,2.09,-0.19,0.027,0.009,0.04,0.025,0.145,572250000.0,953174,-0.0991,0.43,0.78,1.93%,39.92
FFIV,Technology,8630000000.0,301000000.0,2710000000.0,42.97,,7089.0,2.7,1.1,0.0,0.0,-0.041,0.052,0.059,0.123,0.121,0.141,60100000.0,90277,-0.2553,1.09,3.24,2.01%,144.91
FIS,Technology,37220000000.0,-16720000000.0,14530000000.0,45.98,0.0331,69000.0,2.3,0.8,0.74,0.52,0.0575,0.109,-0.221,-0.403,-0.348,,592000000.0,1449571,-0.2821,0.85,2.07,3.01%,61.92
FISV,Technology,72790000000.0,2530000000.0,17740000000.0,48.66,,41000.0,2.1,1.0,0.69,0.68,0.12,0.255,0.032,0.082,0.061,0.211,633600000.0,755453,0.2476,0.86,2.02,1.85%,117.52
FITB,Financial Services,22480000000.0,2330000000.0,6590000000.0,22.09,0.0392,19319.0,2.1,,0.9,0.9,0.063,0.08,0.011,0.144,0.152,0.766,688680000.0,1858957,-0.2292,1.24,0.89,2.08%,32.34
FLT,Financial Services,15200000000.0,954300000.0,3430000000.0,34.6,,9900.0,2.0,1.0,2.77,1.86,0.137,0.088,0.066,0.368,0.117,0.422,73460000.0,240550,-0.0852,1.21,5.21,2.62%,208.77
FMC,Basic Materials,16010000000.0,832100000.0,5800000000.0,26.93,0.0182,6600.0,2.2,1.4,0.97,0.81,0.308,0.15,0.067,0.231,0.15,0.197,125430000.0,137007,0.0697,0.85,2.61,2.01%,125.64
FOX,Communication Services,17900000000.0,,14280000000.0,21.65,0.0157,10600.0,,,,,,,,,,,240220000.0,257282,-0.1805,,0.67,2.05%,31.31
FOXA,Communication Services,17970000000.0,1510000000.0,14290000000.0,21.45,0.0145,10600.0,2.5,3.4,0.0,0.62,-0.009,0.071,0.067,0.132,0.106,0.182,541000000.0,744487,-0.188,0.87,0.74,2.13%,33.97
FRC,Financial Services,20440000000.0,1510000000.0,5720000000.0,74.1,0.0094,7114.0,2.1,,0.09,0.09,0.143,0.172,0.008,0.115,0.264,0.78,182000000.0,4505106,-0.3766,1.15,4.58,2.46%,97.55
FRT,Real Estate,8460000000.000001,271500000.0,1030000000.0,33.94,0.0412,310.0,2.3,,1.59,1.59,0.013,0.035,0.035,0.106,0.06,0.4,80770000.0,154391,-0.123,1.23,2.19,2.04%,104.1
FTNT,Technology,47490000000.0,857300000.0,4420000000.0,-0.36,,12595.0,2.0,1.2,,,0.586,0.242,0.152,-3.142,1.324,0.219,780600000.0,1541873,0.1036,1.15,1.72,2.85%,61.1
FTV,Technology,23560000000.0,755200000.0,5830000000.0,27.38,0.0042,18000.0,2.1,0.9,0.34,0.23,-0.019,0.002,0.047,0.079,0.067,0.169,353700000.0,569666,0.1935,1.15,1.31,1.89%,67.18
GD,Industrials,62100000000.0,3390000000.0,39410000000.0,67.77,0.0222,106500.0,2.1,1.4,0.58,0.51,0.041,0.049,0.066,0.189,0.122,0.107,273990000.0,556282,-0.041,0.84,3.77,1.46%,225.66
GE,Industrials,94020000000.0,585000000.0,76560000000.0,33.27,0.0037,172000.0,2.0,1.2,0.89,0.79,0.165,-0.051,0.0,-0.002,-0.01,-0.003,1090000000.0,18940143,0.3431,1.28,2.28,2.16%,92.39
GILD,Healthcare,98230000000.0,4590000000.0,27280000000.0,16.92,0.0374,17000.0,2.5,1.3,1.19,1.08,-0.139,0.009,0.073,0.223,0.131,0.269,1250000000.0,2937323,0.3426,0.4,1.42,1.59%,79.94
GIS,Consumer Defensive,46300000000.0,2910000000.0,19370000000.0,16.98,0.0273,32500.0,3.1,0.6,1.16,0.85,0.098,0.04,0.093,0.283,0.135,0.197,595900000.0,702013,0.2453,0.24,1.34,1.55%,79.4
GL,Financial Services,11450000000.0,739700000.0,5210000000.0,50.48,0.0076,3543.0,2.6,,0.42,0.33,0.089,0.046,0.028,0.138,0.119,0.191,96980000.0,166561,0.2408,0.8,2.14,1.64%,117.43
GLW,Technology,27690000000.0,1320000000.0,14190000000.0,14.24,0.0326,57500.0,2.2,1.4,0.58,0.56,0.1,0.07,0.045,0.111,0.054,0.101,843000000.0,1009885,-0.0752,1.07,0.75,1.93%,34.19
GM,Consumer Cyclical,53450000000.0,8910000000.0,156740000000.0,47.91,0.0091,167000.0,2.3,1.1,1.69,1.12,0.033,0.015,0.035,0.138,0.043,0.062,1420000000.0,5182326,-0.042,1.37,1.2,2.76%,38.51
GNRC,Industrials,7240000000.0,350300000.0,4560000000.0,36.39,,9160.0,2.3,2.2,0.63,0.61,0.213,0.221,0.067,0.151,0.126,0.123,62030000.0,239479,-0.6014,1.19,5.23,4.29%,122.01
GOOG,Communication Services,1209640000000.0,,282840000000.0,19.93,,190234.0,1.5,,,,0.2335,,,,,,5970000000.0,9771338,-0.256,,2.55,2.64%,94.69
GOOGL,Communication Services,1187650000000.0,59970000000.0,282840000000.0,19.86,,190234.0,1.8,2.4,0.06,0.06,0.233,0.206,0.167,0.235,0.234,0.265,6840000000.0,12105736,-0.2581,1.08,2.54,2.63%,94.3
GPC,Consumer Cyclical,23640000000.0,1180000000.0,22100000000.0,26.87,0.0225,58000.0,2.9,1.1,0.88,0.81,0.129,0.063,0.072,0.322,0.172,0.073,141040000.0,290998,0.4005,0.91,3.5,2.04%,167.72
GPN,Industrials,28130000000.0,111500000.0,8980000000.0,84.0,0.0092,25000.0,1.9,0.9,0.64,0.55,-0.273,0.177,0.003,0.005,0.013,0.071,265530000.0,311943,-0.1213,1.01,2.72,2.50%,108.26
GRMN,Technology,18570000000.0,973600000.0,4860000000.0,32.39,0.0298,19700.0,,3.3,0.0,0.0,0.061,0.093,0.126,0.161,0.151,0.211,191540000.0,352194,-0.1032,0.96,1.96,1.94%,98.63
GS,Financial Services,114540000000.0,10760000000.0,68709999999.99999,304.77,0.0286,48500.0,2.4,,7.98,2.39,0.087,0.096,0.007,0.101,0.012,0.196,349400000.0,1085303,0.0916,1.42,7.65,2.07%,350.81
GWW,Industrials,34500000000.0,1550000000.0,15230000000.0,48.22,0.0098,23000.0,2.6,2.5,0.95,0.94,0.247,0.079,0.215,0.685,0.353,0.145,50600000.0,54379,0.4279,1.2,13.71,1.92%,699.77
HAL,Energy,33160000000.0,1570000000.0,20300000000.0,8.79,0.0172,45000.0,1.7,2.0,0.0,1.0,0.358,-0.003,0.07,0.212,0.134,0.131,904000000.0,2713048,-0.015,2.15,1.35,3.32%,36.21
HAS,Consumer Cyclical,7220000000.0,203500000.0,5860000000.0,20.51,0.0531,6490.0,1.9,1.4,1.4,1.31,-0.236,0.024,0.021,0.069,0.051,0.07,138100000.0,871881,-0.4015,0.72,1.68,2.93%,52.72
HBAN,Financial Services,20490000000.0,2120000000.0,5970000000.0,10.79,0.0429,19920.0,2.7,,0.61,0.61,0.108,0.117,0.012,0.136,0.178,0.835,1440000000.0,7737568,-0.0166,1.13,0.34,1.97%,13.95
HCA,Healthcare,67900000000.00001,5640000000.0,60230000000.0,-9.86,0.0095,207000.0,1.8,1.4,,,0.231,0.067,0.109,-1.905,0.205,0.149,280640000.0,968202,-0.0117,1.65,5.8,1.97%,255.0
HD,Consumer Cyclical,291680000000.0,17110000000.0,157400000000.0,1.27,0.0287,490600.0,2.3,1.4,33.1,32.16,0.192,0.098,0.224,,0.462,0.151,1020000000.0,1137360,-0.0756,0.93,6.84,2.11%,292.78
HES,Energy,41330000000.0,2100000000.0,11320000000.0,25.64,0.0129,1623.0,2.3,1.6,1.08,1.08,0.203,0.157,0.099,0.291,0.165,0.335,306300000.0,427200,0.4007,1.59,4.56,3.11%,135.34
HIG,Financial Services,23010000000.0,1790000000.0,22360000000.0,41.91,0.0231,18800.0,2.1,,0.0,0.33,0.263,0.054,0.025,0.13,0.115,0.11,317300000.0,486066,0.1032,0.87,1.48,1.76%,72.72
HII,Industrials,8430000000.0,579000000.0,10680000000.0,87.01,0.0234,43000.0,2.7,0.9,0.83,0.72,0.067,0.075,0.054,0.188,0.066,0.053,40100000.0,100948,0.0173,0.64,4.57,2.25%,213.07
HLT,Consumer Cyclical,38920000000.0,1250000000.0,8770000000.0,-4.1,0.0041,159000.0,2.5,0.9,,,0.251,0.015,0.081,-1.433,0.212,0.239,269000000.0,683717,0.0866,1.24,2.81,1.85%,145.52
HOLX,Healthcare,19210000000.0,990200000.0,4470000000.0,20.59,,6944.0,2.3,4.2,0.56,0.55,0.142,0.097,0.106,0.2,0.175,0.282,247320000.0,377409,0.1331,1.01,1.34,1.66%,78.98
HON,Industrials,129100000000.0,4970000000.0,35470000000.0,24.9,0.0211,97000.0,2.3,1.3,1.17,0.91,0.042,-0.026,0.08,0.283,0.137,0.18,670500000.0,924714,0.0658,1.09,3.56,1.79%,195.29
HPE,Technology,19860000000.0,856000000.0,29340000000.0,15.35,0.0318,60200.0,2.5,0.9,0.63,0.4,0.203,-0.003,0.065,0.183,0.022,0.129,1290000000.0,3499330,-0.0746,1.25,0.32,1.84%,14.89
HPQ,Technology,27960000000.0,2600000000.0,59780000000.0,-3.77,0.0371,58000.0,,0.7,,,0.155,0.039,0.068,-0.959,0.425,0.068,989000000.0,1771152,-0.2032,1.02,0.7,2.20%,28.39
HRL,Consumer Defensive,22630000000.0,978100000.0,12390000000.0,13.94,0.0273,20000.0,3.0,2.3,0.43,0.43,0.03,0.063,0.074,0.131,0.096,0.104,546380000.0,677132,-0.2002,0.18,0.8,1.51%,40.22
HSIC,Healthcare,10080000000.0,538000000.0,12650000000.0,25.7,,22000.0,2.9,1.8,0.33,0.3,0.072,0.073,0.063,0.151,0.126,0.059,134060000.0,164640,-0.0763,0.81,1.75,2.21%,77.79
HST,Real Estate,12040000000.0,633000000.0,4910000000.0,9.39,0.0283,165.0,2.2,,0.63,0.63,0.027,-0.018,0.052,0.094,0.069,0.158,714700000.0,2235073,-0.0397,1.32,0.45,2.44%,16.54
HSY,Consumer Defensive,48760000000.0,1640000000.0,10420000000.0,16.07,0.0173,18075.0,2.6,0.8,1.45,1.01,0.178,0.068,0.153,0.54,0.223,0.199,205290000.0,229302,0.1768,0.31,3.52,1.40%,240.07
HUM,Healthcare,60610000000.0,2810000000.0,92870000000.0,121.86,0.0072,67100.0,1.9,,0.75,0.59,0.045,0.116,0.06,0.18,0.122,0.043,125640000.0,281313,0.1519,0.72,10.6,1.92%,489.17
HWM,Industrials,17860000000.0,467000000.0,5660000000.0,8.59,0.0037,21400.0,2.0,2.1,1.17,1.17,0.281,-0.153,0.046,0.138,0.093,0.15,413000000.0,1832155,0.2889,1.46,1.01,2.52%,42.44
IBM,Technology,115520000000.0,1850000000.0,60530000000.0,24.22,0.0515,311300.0,2.5,0.9,2.32,2.1,-0.299,-0.052,0.013,0.081,0.025,0.019,905860000.0,1300356,0.0181,0.85,1.84,1.35%,127.96
ICE,Financial Services,57470000000.0,1450000000.0,9640000000.0,40.62,0.0164,8911.0,2.0,1.1,0.8,0.8,-0.028,0.105,0.007,0.064,0.081,0.377,559000000.0,921465,-0.1842,0.93,1.99,1.82%,101.71
IDXX,Healthcare,39010000000.0,679100000.0,3370000000.0,7.34,,10780.0,2.3,0.9,2.22,1.14,0.196,0.113,0.257,1.245,0.367,0.267,82930000.0,113026,-0.0537,1.19,13.14,2.62%,480.52
IEX,Industrials,16590000000.0,586900000.0,3180000000.0,40.31,0.0107,8868.0,2.2,2.6,0.0,0.48,0.121,0.068,0.116,0.204,0.138,0.247,75400000.0,84196,0.2253,1.0,4.13,1.70%,224.59
IFF,Basic Materials,22260000000.0,-1868000000.0,12440000000.0,69.35,0.0368,24600.0,2.4,2.0,0.62,0.59,-0.273,0.296,-0.05,-0.099,-0.055,-0.107,255000000.0,595299,-0.2714,1.1,2.76,3.19%,87.22
ILMN,Healthcare,30690000000.0,-4404000000.0,4580000000.0,42.03,,11500.0,2.7,1.3,0.41,0.23,-0.465,0.107,-0.325,-0.508,-0.455,-0.912,157000000.0,268487,-0.3405,1.16,8.34,4.28%,206.76
INCY,Healthcare,16400000000.0,340700000.0,3390000000.0,19.63,,2324.0,2.3,3.5,0.01,0.01,0.245,0.172,0.063,0.082,0.089,0.171,222610000.0,214096,0.0351,0.74,1.39,1.79%,73.65
INTC,Technology,106670000000.0,8010000000.0,63050000000.0,24.62,0.0192,131900.0,3.2,1.6,0.41,0.37,-0.089,0.001,0.046,0.079,0.025,0.053,4140000000.0,25140296,-0.4366,0.83,0.87,3.01%,26.76
INTU,Technology,114560000000.0,1950000000.0,13680000000.0,56.38,0.0075,17300.0,1.9,1.2,0.45,0.42,0.14,0.196,0.07,0.119,0.09,0.195,281000000.0,671013,-0.0569,1.17,12.34,2.79%,417.07
IP,Consumer Cyclical,12800000000.0,1740000000.0,21160000000.0,24.03,0.0502,39000.0,3.1,1.4,0.66,0.57,0.174,-0.005,0.061,0.168,0.13,0.075,353600000.0,729640,-0.1205,1.05,0.9,2.31%,36.6
IPG,Communication Services,13440000000.0,938000000.0,10930000000.0,9.4,0.0355,58400.0,2.4,1.0,0.8,0.79,0.112,0.038,0.053,0.268,0.16,0.125,387900000.0,949515,0.0619,1.12,0.69,2.00%,34.56
IPGP,Industrials,5830000000.0,109900000.0,1430000000.0,48.98,,6230.0,2.4,7.2,0.01,0.0,-0.215,0.003,0.037,0.043,0.04,0.119,48700000.0,37971,0.0952,1.22,3.47,3.37%,122.82
IQV,Healthcare,38500000000.0,1090000000.0,14410000000.0,28.67,,85000.0,1.7,0.9,2.32,2.29,0.599,0.153,0.047,0.205,0.066,0.119,186500000.0,240737,0.0032,1.41,5.41,2.57%,211.24
IR,Industrials,23600000000.0,589500000.0,5920000000.0,22.71,0.0013,17000.0,2.1,2.4,0.3,0.3,0.578,0.2,0.041,0.068,0.056,0.138,405000000.0,2316761,0.2801,1.43,1.22,2.13%,58.81
IRM,Real Estate,15130000000.0,557000000.0,5100000000.0,2.19,0.046,27600.0,2.2,0.8,16.6,16.46,0.242,0.058,0.035,0.867,0.087,0.206,291230000.0,234904,0.0623,0.94,1.12,1.95%,53.9
ISRG,Healthcare,78910000000.0,1320000000.0,6220000000.0,31.44,,12120.0,2.2,4.4,0.0,0.0,0.052,0.147,0.099,0.113,0.119,0.253,351200000.0,463965,-0.133,1.29,5.21,1.94%,233.51
IT,Technology,26390000000.0,807800000.0,5480000000.0,2.88,,19500.0,2.2,0.8,10.81,10.77,0.78,0.106,0.118,,0.327,0.201,79160000.0,107108,0.251,1.29,7.54,2.55%,338.31
ITW,Industrials,71440000000.0,3030000000.0,15930000000.0,10.07,0.0221,46000.0,3.0,1.4,2.51,2.0,0.076,0.022,0.194,0.929,0.292,0.238,306600000.0,202094,0.1666,1.12,3.99,1.63%,237.42
IVZ,Financial Services,7730000000.0,683900000.0,6050000000.0,24.52,0.0433,8611.0,2.9,,0.72,0.72,-0.093,0.032,0.023,0.061,0.052,0.218,456900000.0,2143780,-0.1014,1.36,0.54,2.72%,17.41
J,Industrials,15060000000.0,646200000.0,15340000000.0,47.43,0.0086,60000.0,1.7,1.5,0.56,0.55,0.288,0.187,0.031,0.077,0.08,0.056,127760000.0,137238,-0.0109,0.85,2.18,1.94%,120.26
JBHT,Industrials,18970000000.0,969400000.0,14810000000.0,35.37,0.0092,37151.0,2.3,1.4,0.34,0.34,0.005,0.156,0.131,0.282,0.207,0.09,103670000.0,201391,-0.0524,1.14,4.41,2.16%,183.73
JCI,Industrials,43640000000.0,1270000000.0,25500000000.0,23.36,0.0215,102000.0,2.1,1.0,0.61,0.49,0.252,0.021,0.03,0.078,0.077,0.063,687000000.0,699476,0.0728,1.25,1.28,1.90%,64.55
JKHY,Technology,11980000000.0,352500000.0,2000000000.0,20.71,0.0127,6847.0,2.7,1.2,0.18,0.18,0.11,0.07,0.143,0.248,0.244,0.232,72960000.0,94093,-0.071,0.65,3.07,1.90%,164.71
JNJ,Healthcare,394290000000.0,17940000000.0,94940000000.0,29.38,0.0296,152700.0,2.5,1.0,0.52,0.35,0.053,0.044,0.1,0.237,0.154,0.229,2610000000.0,2891033,-0.0959,0.53,2.25,1.29%,152.55
JNPR,Technology,10160000000.0,471000000.0,5300000000.0,13.85,0.0281,10901.0,2.7,1.7,0.36,0.36,-0.016,0.011,0.052,0.109,0.083,0.107,323000000.0,686204,-0.043,0.94,0.57,1.66%,31.47
JPM,Financial Services,398280000000.0,35890000000.0,92810000000.0,89.42,0.029,293723.0,2.1,,1.07,1.07,0.121,0.077,0.009,0.14,0.065,0.65,2960000000.0,9882953,0.0267,1.1,2.82,1.70%,131.72
K,Consumer Defensive,22220000000.0,960000000.0,15310000000.0,11.37,0.0365,30000.0,3.1,0.7,1.67,1.35,-0.05,0.036,0.051,0.238,0.132,0.107,346550000.0,578229,0.0388,0.43,1.05,1.58%,65.06
KEY,Financial Services,15790000000.0,1790000000.0,5410000000.0,12.17,0.0474,18891.0,2.7,,1.76,1.76,0.089,0.043,0.01,0.151,0.119,0.744,931830000.0,11536757,-0.2636,1.3,0.54,2.45%,16.5
KEYS,Technology,27830000000.0,1160000000.0,5550000000.0,23.51,,15000.0,2.0,3.0,0.43,0.43,0.616,0.112,0.141,0.283,0.197,0.235,177000000.0,294075,0.0872,1.09,4.2,2.19%,159.04
KHC,Consumer Defensive,46490000000.0,2360000000.0,26480000000.0,39.7,0.0418,37000.0,2.7,0.9,0.41,0.4,-0.098,0.003,0.026,0.048,0.045,0.138,1230000000.0,1636049,-0.0177,0.69,0.68,1.66%,37.97
KIM,Real Estate,12250000000.0,98600000.0,1730000000.0,15.45,0.046,639.0,2.3,,0.75,0.75,-0.289,0.075,0.005,0.01,0.029,0.314,615860000.0,1011241,-0.159,1.46,0.47,2.23%,19.92
KLAC,Technology,53200000000.0,3540000000.0,10480000000.0,18.42,0.0134,14000.0,2.0,2.3,0.0,2.35,0.301,0.215,0.275,1.39,0.433,0.397,141300000.0,289944,0.2067,1.38,11.37,2.74%,388.35
KMB,Consumer Defensive,41840000000.0,1930000000.0,20180000000.0,1.62,0.0381,44000.0,3.3,0.8,15.87,14.33,-0.016,0.019,0.107,3.39,0.237,0.133,337700000.0,290261,0.0018,0.41,1.89,1.38%,123.42
KMI,Energy,38520000000.0,2530000000.0,19200000000.0,13.69,0.0641,10525.0,2.8,0.5,1.03,0.92,0.324,0.07,0.036,0.083,0.054,0.212,2250000000.0,2927456,-0.0678,0.92,0.31,1.60%,17.41
KMX,Consumer Cyclical,10740000000.0,575600000.0,31650000000.0,34.73,,32647.0,2.5,2.6,3.35,3.24,0.164,0.15,0.022,0.107,0.048,0.024,158000000.0,572578,-0.3092,1.44,2.58,3.40%,69.05
KO,Consumer Defensive,261000000000.0,9540000000.0,43000000000.0,5.57,0.0306,82500.0,2.0,1.1,1.62,1.51,0.143,0.035,0.102,0.403,0.135,0.248,4330000000.0,4387648,0.0257,0.54,0.83,1.27%,60.17
KR,Consumer Defensive,33780000000.0,2230000000.0,148260000000.0,13.9,0.0219,420000.0,2.5,0.8,1.33,1.25,0.012,0.036,0.049,0.251,0.136,0.029,716000000.0,2219681,-0.1469,0.44,0.94,1.90%,47.53
L,Financial Services,13760000000.0,1010000000.0,14100000000.0,61.44,0.0042,12050.0,3.0,,0.62,0.56,0.076,0.005,0.013,0.067,0.062,0.123,237610000.0,239982,-0.0205,0.83,0.97,1.60%,58.83
LDOS,Technology,12830000000.0,685000000.0,14400000000.0,31.38,0.0153,45000.0,2.1,0.9,1.14,0.91,0.249,0.072,0.053,0.168,0.097,0.076,137000000.0,175747,-0.0824,0.78,1.94,2.21%,93.78
LEN,Consumer Cyclical,27540000000.0,4560000000.0,33670000000.0,83.87,0.0151,12012.0,2.3,,0.26,0.17,0.36,0.216,0.13,0.204,0.153,0.179,287360000.0,1384113,0.2,1.43,2.39,2.25%,100.5
LH,Healthcare,20360000000.0,1280000000.0,14880000000.0,113.83,0.0125,80000.0,2.0,1.5,0.54,0.51,0.154,0.076,0.063,0.124,0.095,0.119,88700000.0,178132,-0.123,1.05,5.14,2.29%,227.87
LHX,Industrials,39160000000.0,1060000000.0,17060000000.0,97.18,0.0219,46000.0,,1.2,0.38,0.34,-0.005,0.226,0.031,0.056,0.036,0.066,190600000.0,381312,-0.2101,0.72,3.7,1.65%,206.85
LIN,Basic Materials,169540000000.0,4150000000.0,33360000000.0,81.08,0.0144,65010.0,2.0,0.8,0.45,0.3,0.077,0.24,0.053,0.103,0.068,0.161,493710000.0,1219595,0.2855,0.85,7.46,2.28%,348.94
LKQ,Consumer Cyclical,15340000000.0,1140000000.0,12790000000.0,20.36,0.0191,45000.0,1.8,1.9,0.49,0.48,0.223,0.056,0.095,0.208,0.147,0.124,267800000.0,466112,0.337,1.37,1.21,2.19%,56.89
LLY,Healthcare,294490000000.0,6240000000.0,28540000000.0,11.81,0.0145,39000.0,2.1,1.1,1.52,1.38,0.101,0.074,0.131,0.647,0.244,0.25,952350000.0,1563064,0.2229,0.35,7.79,2.11%,317.88
LMT,Industrials,122520000000.0,5730000000.0,65980000000.00001,36.08,0.025,116000.0,2.6,1.3,0.0,1.67,0.108,0.057,0.11,0.537,0.238,0.103,256800000.0,296259,0.0684,0.67,7.26,1.48%,479.69
LNC,Financial Services,4830000000.0,-2226000000.0,18780000000.0,18.41,0.0615,11316.0,3.1,,2.07,1.91,-0.42,0.056,-0.007,-0.305,-0.184,-0.126,169200000.0,756186,-0.5232,1.8,1.17,3.56%,28.33
LNT,Utilities,12830000000.0,685000000.0,4200000000.0,24.98,0.0351,3129.0,2.9,0.5,1.39,1.22,0.075,0.045,0.035,0.111,0.06,0.221,251200000.0,373840,-0.1324,0.53,1.14,2.11%,52.48
LOW,Consumer Cyclical,118810000000.0,6660000000.0,95950000000.0,-20.82,0.0209,200000.0,2.3,1.2,,,0.282,0.082,0.179,-1.018,0.468,0.127,618000000.0,867414,-0.0924,1.09,5.46,2.54%,202.62
LRCX,Technology,66349999999.99999,5130000000.0,19050000000.0,61.06,0.014,17700.0,2.3,3.0,0.6,0.6,0.288,0.165,0.286,0.732,0.425,0.318,136020000.0,329612,0.0109,1.51,15.79,3.04%,495.71
LUMN,Communication Services,3080000000.0,-1548000000.0,17480000000.0,10.48,,29000.0,3.4,1.1,1.97,1.96,-0.398,-0.002,-0.029,-0.13,-0.008,0.018,995570000.0,13463044,-0.7246,1.04,0.22,5.83%,3.02
LUV,Industrials,19990000000.0,539000000.0,23810000000.0,18.02,0.0212,66656.0,2.2,1.4,0.76,0.75,-0.247,0.024,0.015,0.05,0.034,0.035,593000000.0,2619908,-0.1481,1.15,0.82,2.08%,33.36
LVS,Consumer Cyclical,44660000000.0,-1066000000.0,4110000000.0,5.08,,35500.0,1.9,1.7,4.12,3.59,-0.2,-0.202,0.083,0.444,-0.048,-0.193,764000000.0,2172449,0.5522,1.17,1.49,2.39%,57.43
LW,Consumer Defensive,14420000000.0,473600000.0,4510000000.0,3.98,0.0112,8000.0,1.9,2.0,4.79,4.71,-0.091,0.053,0.11,1.032,0.103,0.155,144000000.0,414071,0.9299,0.53,1.59,1.48%,99.89
LYB,Basic Materials,30730000000.0,3890000000.0,50450000000.0,40.69,0.0507,19300.0,2.7,1.8,0.9,0.84,0.03,0.079,0.105,0.312,0.176,0.101,310000000.0,487909,0.0041,1.21,2.2,2.12%,92.04
LYV,Communication Services,16160000000.0,149200000.0,16680000000.0,-1.62,,12800.0,2.1,1.0,,,0.234,0.115,0.009,-0.436,0.115,0.044,226870000.0,636770,-0.3392,1.31,2.14,3.05%,70.05
MA,Financial Services,336630000000.0,9930000000.0,22240000000.0,6.57,0.0064,29900.0,1.9,1.2,2.23,2.18,0.18,0.122,0.265,1.536,0.515,0.552,959000000.0,695383,0.146,1.11,6.53,1.62%,360.21
MAA,Real Estate,17880000000.0,633300000.0,2020000000.0,52.22,0.0273,2387.0,2.5,,0.73,0.73,0.14,0.057,0.056,0.106,0.063,0.322,115400000.0,353043,-0.257,0.77,3.96,2.18%,154.68
MAR,Consumer Cyclical,52770000000.0,2360000000.0,20770000000.0,1.79,0.0092,377000.0,2.7,0.5,17.72,16.51,0.06,0.003,0.095,1.823,0.255,0.167,316600000.0,564143,0.1185,1.59,3.45,1.99%,170.9
MAS,Industrials,11380000000.0,844000000.0,8680000000.0,-2.11,0.0222,19000.0,2.6,1.6,,,0.233,0.076,0.156,-1.529,0.386,0.152,228000000.0,986958,-0.0079,1.2,1.38,2.69%,52.07
MCD,Consumer Cyclical,193010000000.0,6180000000.0,23180000000.0,-8.21,0.0229,150000.0,2.0,1.4,,,0.029,0.003,0.124,-0.991,0.24,0.381,731100000.0,613995,0.1896,0.63,3.83,1.31%,265.02
MCHP,Technology,45430000000.0,2070000000.0,8050000000.000001,11.49,0.0169,21000.0,2.2,1.8,0.0,1.04,0.443,0.149,0.128,0.341,0.113,0.347,549200000.0,1307808,0.2396,1.59,2.21,2.51%,84.95
MCK,Healthcare,46550000000.0,3150000000.0,273900000000.0,-17.55,0.0064,58000.0,1.9,0.9,,,-0.208,0.059,0.05,-1.478,0.336,0.015,139900000.0,294484,0.2328,0.58,6.83,1.73%,336.25
MCO,Financial Services,52390000000.0,1420000000.0,5470000000.0,13.74,0.0105,14426.0,2.2,1.7,0.0,2.93,0.037,0.054,0.096,0.581,0.163,0.357,183300000.0,367542,-0.0392,1.29,7.17,1.98%,301.69
MDLZ,Consumer Defensive,88260000000.0,2720000000.0,31500000000.0,19.64,0.0237,91000.0,2.0,0.6,0.85,0.75,0.015,0.04,0.04,0.1,0.051,0.108,1370000000.0,1341302,0.0789,0.65,1.04,1.63%,65.6
MDT,Healthcare,102860000000.0,4060000000.0,30770000000.0,38.67,0.0347,95000.0,2.5,1.8,0.55,0.43,0.052,0.013,0.044,0.078,0.069,0.18,1330000000.0,2355904,-0.2383,0.73,1.62,1.93%,79.29
MET,Financial Services,51570000000.0,2350000000.0,69900000000.0,34.5,0.0296,45000.0,2.1,,0.66,0.66,-0.087,0.023,0.003,0.066,0.078,0.054,783700000.0,2483580,0.056,1.08,1.63,2.03%,65.43
META,Communication Services,451810000000.0,23200000000.0,116610000000.0,47.64,,86482.0,2.1,2.2,0.08,0.08,0.054,0.235,0.133,0.186,0.16,0.248,2640000000.0,12141945,-0.0307,1.17,6.04,3.06%,184.45
MGM,Consumer Cyclical,16660000000.0,1440000000.0,13130000000.0,12.59,0.0002,46000.0,2.1,1.8,1.84,1.56,0.305,0.04,0.032,0.282,0.054,0.11,383750000.0,1652366,0.1815,2.07,1.07,2.30%,44.46
MHK,Consumer Cyclical,6270000000.0,25200000.0,11740000000.0,126.1,,40900.0,3.1,1.9,0.35,0.25,-0.507,0.043,0.002,0.003,0.008,0.021,63530000.0,126301,-0.2068,1.28,3.56,3.23%,101.79
MKC,Consumer Defensive,19540000000.0,682000000.0,6350000000.0,17.43,0.0214,14200.0,2.9,0.7,1.1,0.78,0.063,0.061,0.052,0.148,0.076,0.144,268500000.0,671347,-0.2514,0.56,1.35,1.67%,73.02
MKTX,Financial Services,12970000000.0,250200000.0,718300000.0,28.84,0.008,744.0,2.8,,0.0,0.0,0.096,0.128,0.155,0.243,0.221,0.455,37480000.0,79737,0.0415,0.78,9.34,2.42%,355.11
MLM,Basic Materials,22430000000.0,856300000.0,6160000000.0,115.65,0.0073,9400.0,2.1,2.0,0.7,0.61,0.138,0.092,0.059,0.127,0.078,0.196,62000000.0,109990,-0.0041,0.87,8.71,2.40%,359.3
MMC,Financial Services,79370000000.0,3050000000.0,20720000000.0,21.34,0.0145,85000.0,2.8,1.2,1.09,1.07,0.1,0.081,0.092,0.292,0.149,0.207,493000000.0,312903,0.0934,0.92,2.71,1.63%,161.74
MMM,Industrials,58270000000.0,5780000000.0,34230000000.0,26.68,0.056,92000.0,3.3,1.5,1.08,0.95,0.021,0.016,0.126,0.402,0.193,0.191,551900000.0,1108265,-0.2623,0.96,2.58,2.07%,107.27
MNST,Consumer Defensive,53930000000.0,1190000000.0,6310000000.0,12.94,,4092.0,2.2,4.2,0.0,0.0,0.167,0.127,0.151,0.181,0.209,0.258,526799999.9999999,423083,0.4325,0.85,1.88,1.56%,103.84
MO,Consumer Defensive,83440000000.0,5750000000.0,25100000000.0,-2.22,0.0803,6300.0,2.7,0.8,,,-0.022,-0.004,0.156,-1.86,0.453,0.475,1790000000.0,2311545,-0.0691,0.64,0.79,1.46%,47.38
MOH,Healthcare,15580000000.0,792000000.0,31970000000.0,51.28,,15000.0,2.5,1.5,0.81,0.81,0.296,0.1,0.063,0.272,0.168,0.037,57800000.0,101107,-0.1252,0.68,6.88,2.44%,269.94
MOS,Basic Materials,18240000000.0,3580000000.0,19130000000.0,35.44,0.0147,13570.0,2.8,1.2,0.3,0.2,0.587,0.209,0.152,0.305,0.227,0.25,340100000.0,1683319,-0.0834,1.53,1.76,3.15%,53.33
MPC,Energy,55320000000.0,14440000000.0,178890000000.0,59.73,0.0235,17800.0,2.1,1.8,0.96,0.92,0.493,0.189,0.158,0.556,0.312,0.12,464000000.0,1376631,0.707,1.63,4.18,2.94%,130.11
MPWR,Technology,23300000000.0,437700000.0,1790000000.0,35.52,0.0079,3247.0,1.9,5.4,0.0,0.0,0.275,0.307,0.234,0.294,0.263,0.294,46980000.0,138069,0.2939,1.14,17.93,3.74%,510.38
MRK,Healthcare,275210000000.0,14520000000.0,59280000000.0,18.14,0.027,69000.0,2.0,1.5,0.67,0.63,0.256,0.081,0.135,0.333,0.209,0.303,2540000000.0,1982475,0.4137,0.36,2.16,1.82%,108.79
MRNA,Healthcare,52840000000.0,8359999999.999999,19260000000.0,49.29,,3900.0,2.4,2.7,0.06,0.05,0.921,1.479,0.317,0.463,0.406,0.489,388000000.0,933413,0.0785,1.7,6.22,3.77%,139.43
MRO,Energy,15730000000.0,3610000000.0,8070000000.0,17.89,0.0158,1570.0,2.3,0.7,0.52,0.49,0.483,0.114,0.195,0.318,0.218,0.489,637000000.0,4643904,0.034,2.42,0.94,3.34%,24.91
MS,Financial Services,157610000000.0,10540000000.0,65940000000.0,55.32,0.0323,82000.0,2.4,,7.36,2.56,0.105,0.086,0.009,0.113,0.015,0.214,1650000000.0,2781891,0.1277,1.35,1.82,1.68%,93.95
MSCI,Financial Services,41300000000.0,870600000.0,2250000000.0,-12.6,0.0103,4759.0,2.4,1.4,,,0.238,0.12,0.18,-0.873,0.295,0.537,79980000.0,122316,0.1595,1.15,13.51,2.12%,540.31
MSFT,Technology,1857570000000.0,67450000000.0,204090000000.0,24.58,0.0107,221000.0,1.9,1.9,0.35,0.32,0.243,0.155,0.188,0.393,0.313,0.405,7450000000.0,11519209,-0.0692,0.91,5.8,2.06%,256.75
MSI,Technology,44250000000.0,1360000000.0,9110000000.0,0.69,0.0132,20000.0,2.1,1.2,51.84,51.84,0.124,0.074,0.114,-5.187,0.246,0.182,167500000.0,179863,0.2622,0.93,4.39,1.69%,270.28
MTB,Financial Services,23370000000.0,1890000000.0,6250000000.0,136.08,0.037,22210.0,2.3,,0.17,0.17,0.045,0.084,0.01,0.088,0.172,0.849,171270000.0,1196463,-0.2022,0.81,3.71,2.01%,134.14
MTCH,Communication Services,10650000000.0,364200000.0,3190000000.0,-1.29,,2700.0,2.2,1.6,,,-0.038,0.191,0.084,-0.886,0.145,0.161,279390000.0,1782902,-0.566,1.08,1.7,3.65%,38.06
MTD,Healthcare,32310000000.0,872500000.0,3920000000.0,1.12,,16400.0,2.6,1.2,81.23,76.96,0.177,0.075,0.259,,0.428,0.273,22210000.0,17677,0.1364,1.17,36.45,2.41%,1496.74
MU,Technology,61690000000.0,6190000000.0,27160000000.0,45.23,0.0081,48000.0,2.3,3.5,0.21,0.2,0.119,0.086,0.094,0.126,0.154,0.253,1090000000.0,4064568,-0.264,1.41,1.86,3.12%,56.79
NCLH,Consumer Cyclical,6180000000.0,-2269900000.0,4840000000.0,0.16,,38900.0,2.4,0.4,198.56,184.12,-0.296,-0.021,-0.12,-3.155,-0.127,-0.36,421420000.0,9328280,-0.0793,2.51,0.8,4.54%,14.69
NDAQ,Financial Services,26850000000.0,1130000000.0,6230000000.0,12.52,0.0145,6377.0,2.5,1.0,0.88,0.77,0.124,0.095,0.052,0.189,0.105,0.251,491270000.0,374309,0.0035,0.98,1.01,1.66%,55.19
NDSN,Industrials,12500000000.0,497000000.0,2590000000.0,42.8,0.0118,7200.0,2.1,1.4,0.42,0.25,0.116,0.046,0.127,0.218,0.186,0.267,57170000.0,48724,0.033,0.93,5.25,2.25%,222.36
NEE,Utilities,144330000000.0,4150000000.0,20960000000.0,19.73,0.0252,15300.0,1.9,0.5,1.66,1.41,0.025,0.041,0.027,0.11,0.034,0.195,1990000000.0,2461485,-0.0862,0.46,1.63,2.10%,74.89
NEM,Basic Materials,32900000000.0,-459000000.0,11910000000.0,24.28,0.038,14600.0,3.0,2.2,0.32,0.31,-0.2,0.101,-0.011,-0.021,-0.01,0.017,797000000.0,1934013,-0.4576,0.33,1.27,2.39%,42.1
NFLX,Communication Services,137400000000.0,4120000000.0,31620000000.0,46.67,,12800.0,2.3,1.2,0.69,0.69,0.449,0.22,0.096,0.231,0.128,0.178,445200000.0,2875995,-0.1167,1.27,10.39,2.95%,301.86
NI,Utilities,11250000000.0,749000000.0,5850000000.0,14.72,0.0361,7117.0,1.8,0.6,1.88,1.58,0.141,0.037,0.03,0.13,0.063,0.216,409500000.0,840381,-0.0552,0.46,0.57,2.08%,27.98
NKE,Consumer Cyclical,183760000000.0,5630000000.0,49110000000.0,9.8,0.0113,79100.0,2.2,2.7,0.62,0.58,0.084,0.063,0.141,0.368,0.246,0.13,1560000000.0,2597424,-0.0087,1.11,2.44,1.88%,120.16
NOC,Industrials,71340000000.0,4900000000.0,36600000000.0,99.62,0.0149,95000.0,2.4,1.1,0.84,0.77,0.119,0.071,0.115,0.349,0.094,0.098,153700000.0,243508,0.029,0.51,9.68,1.89%,462.24
NOW,Technology,88670000000.0,325000000.0,7250000000.0,24.83,,20433.0,1.8,1.1,0.3,0.3,0.341,0.304,0.028,0.073,0.043,0.049,202640000.0,553775,-0.1459,1.04,12.58,2.44%,442.62
NRG,Utilities,7590000000.0,1220000000.0,31540000000.0,16.64,0.0445,6603.0,2.8,1.3,2.1,2.08,0.278,0.283,0.039,0.253,0.133,0.064,230000000.0,732480,-0.0999,1.01,0.86,2.54%,33.7
NSC,Industrials,49320000000.0,3270000000.0,12740000000.0,55.36,0.025,19300.0,2.6,0.8,1.19,1.14,0.142,0.039,0.083,0.25,0.141,0.377,230000000.0,622874,-0.1902,1.3,5.62,2.56%,215.13
NTAP,Technology,13850000000.0,1290000000.0,6460000000.0,5.1,0.0308,12000.0,2.6,1.3,2.17,2.17,0.19,0.028,0.132,1.356,0.288,0.155,216000000.0,262929,-0.179,1.18,1.45,2.26%,64.79
NTRS,Financial Services,18920000000.0,1280000000.0,7490000000.0,49.78,0.0323,23600.0,2.9,,13.38,0.46,0.055,0.061,0.008,0.124,0.009,0.236,208420000.0,907358,-0.1628,1.1,2.34,1.97%,87.84
NUE,Basic Materials,43810000000.0,7580000000.0,41510000000.0,72.09,0.0118,31400.0,2.9,3.4,0.36,0.36,0.52,0.154,0.243,0.445,0.328,0.251,255430000.0,581718,0.3532,1.59,5.05,2.81%,170.45
NVDA,Technology,582870000000.0,4370000000.0,26970000000.0,8.97,0.0007,26196.0,2.1,3.5,0.5,0.44,0.086,0.227,0.103,0.187,0.133,0.157,2460000000.0,27086318,0.1146,1.75,9.31,3.89%,239.79
NVR,Consumer Cyclical,17240000000.0,1730000000.0,10580000000.0,1093.16,,6550.0,2.5,,0.26,0.26,0.283,0.108,0.313,0.561,0.399,0.217,3210000.0,9250,0.1512,0.98,112.59,2.06%,5351.46
NWL,Industrials,5510000000.0,197000000.0,9460000000.0,8.47,0.0684,28000.0,2.5,1.3,1.53,1.35,-0.216,-0.002,0.014,0.052,0.055,0.047,415700000.0,1276847,-0.4003,0.94,0.53,3.92%,13.27
NWS,Communication Services,9670000000.0,,10170000000.0,14.1,0.0118,25500.0,,,,,,,,,,,193240000.0,393410,-0.1848,,0.48,2.55%,16.76
NWSA,Communication Services,9680000000.0,299000000.0,10160000000.0,14.09,0.0119,25500.0,2.1,1.3,0.37,0.37,0.231,0.05,0.018,0.037,0.067,0.036,576000000.0,1256187,-0.182,1.32,0.47,2.50%,16.63
NXPI,Technology,46690000000.0,2790000000.0,13210000000.0,28.69,0.0222,34500.0,2.3,2.1,0.0,1.5,0.198,0.074,0.124,0.398,0.175,0.286,259660000.0,642178,0.0366,1.53,5.05,2.56%,183.37
O,Real Estate,42370000000.0,869400000.0,3340000000.0,45.31,0.0473,391.0,2.4,,0.63,0.63,0.052,0.224,0.019,0.032,0.016,0.242,633670000.0,1257419,-0.0054,0.81,1.01,1.54%,64.55
ODFL,Industrials,38530000000.0,1380000000.0,6260000000.0,33.11,0.0046,23471.0,2.8,1.8,0.03,0.02,0.332,0.133,0.287,0.386,0.367,0.294,110330000.0,144159,0.1656,1.09,9.32,2.49%,348.93
OGN,Healthcare,5910000000.0,917000000.0,6170000000.0,-4.19,0.0473,9300.0,2.6,1.5,,,,,0.105,-0.893,0.177,0.219,254350000.0,418898,-0.3527,,0.82,3.51%,23.73
OKE,Energy,29480000000.0,1720000000.0,22390000000.0,14.5,0.0569,2966.0,2.6,0.8,2.1,1.96,0.168,0.13,0.071,0.276,0.113,0.125,447780000.0,453678,0.0078,1.64,1.47,2.03%,67.26
OMC,Communication Services,18280000000.0,1320000000.0,14290000000.0,15.96,0.0311,74200.0,2.6,1.0,1.72,1.71,0.045,-0.013,0.052,0.445,0.174,0.146,203800000.0,646256,0.1871,0.85,1.7,1.98%,88.9
ORCL,Technology,232500000000.0,8800000000.0,46070000000.0,-1.58,0.0145,143000.0,2.6,0.6,,,0.015,0.023,0.074,-1.405,0.144,0.304,2690000000.0,3238067,0.2033,0.99,1.6,1.69%,88.24
ORLY,Consumer Cyclical,51530000000.0,2170000000.0,14410000000.0,-16.96,,71612.0,2.1,0.7,,,0.226,0.099,0.178,-2.348,0.703,0.205,62550000.0,147253,0.2694,0.88,15.97,2.07%,831.7
OTIS,Industrials,34890000000.0,1250000000.0,13690000000.0,-11.7,0.0136,69000.0,2.7,0.9,,,0.151,0.021,0.123,-0.253,0.798,0.149,416100000.0,761646,0.1581,,1.29,1.45%,85.12
OXY,Energy,55040000000.0,12500000000.0,36790000000.0,22.44,0.0116,11973.0,2.6,1.1,0.98,0.97,0.491,0.238,0.171,0.69,0.322,0.373,905800000.0,6644992,0.1251,1.8,1.9,2.84%,61.43
PARA,Communication Services,14200000000.0,668000000.0,30150000000.0,35.49,0.0439,24500.0,3.2,1.2,0.69,0.68,-0.273,0.026,0.018,0.046,0.051,0.074,649000000.0,2885306,-0.3664,1.66,0.94,4.37%,21.39
PAYC,Technology,17170000000.0,281400000.0,1380000000.0,20.44,,6349.0,2.0,1.2,0.02,0.02,0.183,0.26,0.064,0.264,0.223,0.275,57870000.0,137910,-0.0151,1.41,8.74,2.64%,290.12
PAYX,Technology,40390000000.0,1470000000.0,4820000000.0,8.89,0.028,16000.0,3.0,1.3,0.25,0.25,0.11,0.079,0.153,0.461,0.362,0.4,360500000.0,362449,-0.0447,0.97,1.97,1.69%,113.14
PCAR,Industrials,38960000000.0,3010000000.0,28820000000.0,16.82,0.0132,31100.0,2.7,3.9,0.87,0.87,0.062,0.082,0.096,0.237,0.124,0.135,783000000.0,765195,0.3904,0.92,1.52,2.09%,75.3
PEAK,Technology,12600000000.0,494900000.0,2060000000.0,12.37,0.051,199.0,2.0,,0.98,0.96,0.0,0.022,0.032,0.077,0.05,0.318,537920000.0,884420,-0.2731,0.9,0.6,2.37%,23.35
PEG,Utilities,29200000000.0,1030000000.0,9800000000.0,27.57,0.0386,12525.0,2.3,0.6,1.48,1.2,0.047,0.015,0.021,0.076,0.041,0.141,498000000.0,511937,-0.1116,0.58,1.31,2.16%,59.24
PENN,Consumer Cyclical,4690000000.0,221200000.0,6400000000.0,23.19,,21875.0,2.4,1.7,3.31,3.25,-0.307,0.153,0.012,0.06,0.065,0.151,154300000.0,640706,-0.2807,2.23,1.04,3.28%,30.03
PEP,Consumer Defensive,238650000000.0,9000000000.0,86390000000.0,12.48,0.0266,315000.0,2.5,0.8,2.28,2.08,0.049,0.063,0.096,0.489,0.169,0.129,1380000000.0,1062366,0.1022,0.54,2.44,1.35%,174.0
PFE,Healthcare,222530000000.0,31370000000.0,100330000000.0,17.04,0.0409,83000.0,2.4,1.2,0.37,0.34,0.227,0.138,0.163,0.351,0.253,0.364,5610000000.0,6295924,-0.1574,0.62,0.75,1.55%,39.97
PFG,Financial Services,19910000000.0,4810000000.0,13840000000.0,40.91,0.0308,19300.0,3.5,,0.41,0.4,0.264,-0.005,0.017,0.454,0.085,0.174,244500000.0,621649,0.2384,1.31,2.5,2.60%,80.36
PG,Consumer Defensive,322220000000.0,14000000000.0,80280000000.0,18.44,0.0266,106000.0,2.3,0.6,0.8,0.47,0.095,0.043,0.119,0.316,0.189,0.216,2370000000.0,1604578,-0.0598,0.39,2.01,1.36%,138.02
PGR,Financial Services,82210000000.0,694600000.0,49590000000.0,26.35,0.0028,55100.0,2.7,,0.41,0.41,-0.142,0.131,0.009,0.045,0.044,0.024,584400000.0,730696,0.3896,0.51,2.32,1.53%,144.18
PH,Industrials,45960000000.0,1260000000.0,17180000000.0,72.65,0.0147,55090.0,2.2,1.3,1.5,1.29,0.068,0.057,0.046,0.14,0.122,0.16,128310000.0,320847,0.318,1.51,6.97,1.98%,357.99
PHM,Consumer Cyclical,12150000000.0,2600000000.0,16230000000.0,39.25,0.0117,6524.0,2.2,,0.3,0.23,0.406,0.136,0.186,0.323,0.226,0.212,227120000.0,885513,0.207,1.33,1.37,2.42%,55.62
PKG,Consumer Cyclical,12270000000.0,1020000000.0,8480000000.0,40.52,0.0362,15100.0,3.0,2.9,0.68,0.68,0.138,0.056,0.125,0.266,0.176,0.168,90500000.0,172273,-0.027,0.89,2.99,2.06%,137.01
PKI,Healthcare,15310000000.0,512700000.0000001,3310000000.0,58.52,0.0023,16700.0,2.4,2.1,0.6,0.53,0.113,0.08,0.04,0.079,0.051,0.224,126160000.0,268804,-0.2352,1.1,3.86,2.70%,126.43
PLD,Real Estate,113360000000.0,3360000000.0,5970000000.0,57.74,0.0278,2466.0,1.8,,0.45,0.45,0.068,0.179,0.05,0.086,0.028,0.378,920950000.0,834041,-0.1564,1.02,2.89,2.03%,124.0
PM,Consumer Defensive,153330000000.0,9020000000.0,31760000000.0,-5.78,0.0509,79800.0,2.2,0.7,,,0.035,0.02,0.195,-0.969,0.293,0.386,1550000000.0,1211181,0.0661,0.71,1.56,1.58%,100.18
PNC,Financial Services,57000000000.0,5710000000.0,15440000000.0,112.74,0.0413,59894.0,2.5,,0.58,0.58,0.118,0.074,0.01,0.121,0.154,0.812,406000000.0,1699776,-0.2277,1.14,3.67,1.95%,140.26
PNR,Industrials,9010000000.0,483200000.0,4120000000.0,16.43,0.0158,11250.0,2.5,1.5,0.86,0.86,0.248,0.077,0.084,0.185,0.105,0.144,164800000.0,300540,0.0345,1.12,1.26,2.19%,55.53
PNW,Utilities,8590000000.0,483600000.0,4320000000.0,53.39,0.0449,82.0,3.1,1.0,1.34,1.28,-0.023,0.039,0.021,0.08,0.044,0.169,113300000.0,261983,0.0595,0.44,1.59,2.12%,78.0
POOL,Industrials,13610000000.0,744300000.0,6180000000.0,31.8,0.0112,6000.0,2.6,3.0,1.12,1.1,0.346,0.173,0.197,0.616,0.301,0.166,38840000.0,70483,-0.1906,0.95,10.69,2.83%,353.72
PPG,Basic Materials,30270000000.0,1030000000.0,17650000000.0,27.96,0.0189,52000.0,2.5,1.5,1.03,0.99,-0.058,0.037,0.048,0.164,0.083,0.081,235800000.0,239172,0.0985,1.17,3.24,2.38%,129.34
PPL,Utilities,19690000000.0,714000000.0,7900000000.0,18.9,0.0356,6527.0,2.1,0.7,1.02,0.93,-0.144,0.012,0.021,0.054,0.042,0.174,736370000.0,1923228,0.0276,0.79,0.57,1.90%,27.01
PRU,Financial Services,34300000000.0,-1463000000.0,60050000000.0,44.18,0.0528,39854.0,3.2,,1.3,1.25,-0.186,0.0,-0.002,-0.056,-0.038,-0.03,367800000.0,786178,-0.1171,1.41,2.28,2.17%,91.56
PSA,Real Estate,52260000000.0,4140000000.0,4180000000.0,32.64,0.0399,5900.0,2.0,,1.2,1.2,0.284,0.094,0.235,0.741,0.338,,175350000.0,321753,-0.1433,0.47,5.86,1.82%,302.3
PSX,Energy,45980000000.0,11010000000.0,169990000000.0,62.51,0.0423,13000.0,2.3,1.4,0.58,0.56,0.383,0.106,0.159,0.424,0.199,0.056,471860000.0,2465237,0.2076,1.38,3.36,2.86%,101.82
PTC,Technology,14490000000.0,342000000.0,1940000000.0,20.37,,6503.0,2.0,1.4,0.56,0.56,1.185,0.107,0.074,0.153,0.1,0.252,117820000.0,253593,0.1774,1.19,2.84,2.07%,122.98
PVH,Consumer Cyclical,4940000000.0,452500000.0,8970000000.0,74.43,0.0019,19000.0,2.4,1.4,0.47,0.44,0.143,0.022,0.038,0.088,0.138,0.044,64800000.0,372390,0.1285,2.1,2.52,3.25%,78.26
PWR,Industrials,22950000000.0,491200000.0,17070000000.0,37.59,0.002,47300.0,1.8,1.6,0.69,0.69,0.163,0.125,0.037,0.094,0.075,0.051,143210000.0,210834,0.3921,1.09,4.07,2.52%,162.64
PXD,Energy,48010000000.0,7830000000.0,24380000000.0,95.11,0.1333,2076.0,2.3,1.0,0.22,0.18,0.921,0.357,0.215,0.337,0.288,0.417,237000000.0,941206,-0.0548,1.44,6.4,3.14%,204.02
PYPL,Financial Services,83340000000.0,2420000000.0,27520000000.0,17.8,,29900.0,2.1,1.3,0.53,0.51,0.052,0.16,0.031,0.12,0.093,0.139,1140000000.0,9060508,-0.1742,1.31,2.36,2.94%,78.37
QCOM,Technology,135330000000.0,11860000000.0,42960000000.0,16.76,0.0248,51000.0,2.2,2.1,0.9,0.82,0.474,0.147,0.247,0.711,0.412,0.335,1120000000.0,2870263,-0.206,1.27,3.42,2.59%,119.71
QRVO,Technology,9980000000.0,453800000.0,4100000000.0,41.26,,8900.0,2.9,3.7,0.0,0.49,1.359,0.089,0.062,0.105,0.163,0.157,100940000.0,555597,-0.2244,1.46,3.07,2.82%,100.16
RCL,Consumer Cyclical,17930000000.0,-2156000000.0,8840000000.0,11.24,,102500.0,2.2,0.4,8.15,7.43,-0.256,0.001,-0.064,-0.641,-0.033,-0.097,255190000.0,1614002,0.0801,2.47,2.33,3.18%,69.71
RE,Financial Services,14990000000.0,584800000.0,12520000000.0,213.16,0.0173,2428.0,1.9,,0.37,0.37,0.055,0.136,0.015,0.068,0.1,0.092,39600000.0,98723,0.4025,0.62,7.77,2.13%,374.96
REG,Real Estate,10530000000.0,482900000.0,1220000000.0,35.63,0.042,445.0,2.4,,0.61,0.61,0.245,0.045,0.044,0.079,0.048,0.386,171120000.0,137275,-0.0909,1.17,1.25,2.03%,61.58
REGN,Healthcare,80380000000.0,4340000000.0,12170000000.0,212.21,,11851.0,2.3,5.1,0.12,0.12,0.238,0.157,0.157,0.205,0.166,0.389,106800000.0,199245,0.2281,0.22,15.53,2.00%,754.97
RF,Financial Services,19940000000.0,2150000000.0,5100000000.0,15.33,0.0368,20073.0,2.3,,0.16,0.16,0.171,0.051,0.013,0.148,0.234,0.885,932000000.0,5608248,-0.0339,1.24,0.58,2.08%,20.67
RHI,Industrials,8600000000.0,657900000.0,7240000000.0,14.66,0.0238,16300.0,3.2,1.9,0.0,0.0,0.177,0.066,0.224,0.44,0.414,0.123,106970000.0,218589,-0.2517,1.33,1.86,2.05%,80.33
RJF,Financial Services,22660000000.0,1570000000.0,11520000000.0,45.35,0.0158,17000.0,2.2,,5.69,0.33,0.194,0.116,0.02,0.169,0.023,0.184,214700000.0,918045,0.0891,1.06,2.68,2.10%,101.25
RL,Consumer Cyclical,7640000000.0,514799999.9999999,6430000000.0,37.11,0.0258,13500.0,2.5,2.1,0.6,0.59,0.542,-0.013,0.072,0.214,0.142,0.109,66500000.0,154903,0.1477,1.41,2.91,2.54%,115.93
RMD,Healthcare,30940000000.0,809500000.0,3760000000.0,25.48,0.0082,8160.0,2.2,3.2,0.48,0.48,0.171,0.116,0.148,0.234,0.198,0.278,146700000.0,126479,-0.0987,0.48,3.92,1.70%,215.28
ROK,Industrials,34010000000.0,1070000000.0,7880000000.0,25.39,0.0156,26000.0,2.8,1.0,1.38,0.98,0.046,0.042,0.099,0.402,0.14,0.16,114800000.0,407913,0.1128,1.44,6.36,1.89%,304.3
ROL,Consumer Cyclical,17070000000.0,368600000.0,2700000000.0,2.57,0.0148,17515.0,2.4,0.7,0.04,0.03,0.141,0.1,0.173,0.313,0.275,0.183,492350000.0,251145,0.0795,0.65,0.59,1.73%,35.16
ROP,Technology,44740000000.0,985600000.0,5370000000.0,151.44,0.0064,15800.0,2.2,0.7,0.42,0.37,0.048,0.031,0.178,0.318,0.054,0.284,105900000.0,191437,-0.0209,1.04,7.66,1.65%,429.37
ROST,Consumer Cyclical,37080000000.0,1510000000.0,18700000000.0,12.12,0.0123,100000.0,2.0,2.0,0.59,0.59,0.115,0.08,0.111,0.36,0.276,0.107,342120000.0,648887,0.2463,0.99,2.33,2.01%,107.01
RSG,Industrials,40510000000.0,1490000000.0,13510000000.0,30.6,0.0155,40000.0,2.2,0.7,1.22,1.17,0.143,0.061,0.054,0.159,0.095,0.177,316500000.0,439433,0.0555,0.66,2.03,1.57%,129.94
RTX,Industrials,142660000000.0,5220000000.0,67069999999.99999,49.55,0.0226,182000.0,2.2,1.1,0.44,0.42,-0.118,0.023,0.033,0.073,0.045,0.081,1470000000.0,1772977,0.0254,1.06,1.65,1.55%,97.26
SBAC,Real Estate,26780000000.0,461400000.0,2630000000.0,-48.86,0.0136,1834.0,2.1,0.7,,,0.304,0.088,0.045,-0.086,0.113,0.351,107980000.0,252207,-0.2382,0.51,7.71,2.58%,247.51
SBNY,Financial Services,6270000000.0,1150000000.0,2580000000.0,123.17,0.0271,1854.0,2.2,,0.07,0.07,0.154,0.107,0.01,0.146,0.178,0.862,62440000.0,4508984,-0.6695,1.66,5.9,4.21%,94.41
SBUX,Consumer Cyclical,116070000000.0,3320000000.0,32910000000.0,-7.55,0.0207,402000.0,2.5,0.8,,,0.075,0.076,0.117,-0.382,0.579,0.143,1150000000.0,1903401,0.2057,0.95,1.92,1.60%,101.28
SCHW,Financial Services,137990000000.0,6630000000.0,22310000000.0,14.43,0.0131,35300.0,2.2,,15.04,0.77,0.163,0.2,0.011,0.213,0.017,0.421,1860000000.0,14118695,-0.0733,0.93,2.18,2.18%,70.14
SEDG,Technology,18050000000.0,93800000.0,3110000000.0,38.87,,4926.0,2.0,3.3,0.0,0.31,-0.061,0.386,0.024,0.045,0.029,0.053,55980000.0,308379,-0.0192,1.44,14.76,5.04%,322.58
SEE,Basic Materials,6790000000.0,491300000.0,5640000000.0,2.38,0.0168,16300.0,2.6,1.0,10.69,9.41,0.448,0.048,0.08,2.065,0.173,0.165,144700000.0,211669,-0.2251,1.26,1.11,2.36%,47.34
SHW,Basic Materials,55790000000.0,2020000000.0,22150000000.0,12.05,0.011,64366.0,2.5,1.0,3.41,3.09,0.136,0.081,0.091,0.795,0.151,0.118,257400000.0,384608,-0.0833,1.07,5.5,2.22%,219.88
SIVB,Financial Services,15450000000.0,1510000000.0,5670000000.0,209.06,,8553.0,2.3,,0.43,0.43,0.207,0.311,0.007,0.124,0.198,0.717,59110000.0,11250441,-0.7278,1.57,19.7,3.28%,140.75
SJM,Consumer Defensive,15810000000.0,710200000.0,8330000000.0,78.26,0.0271,6700.0,3.2,1.2,0.52,0.52,0.027,0.016,0.044,0.087,0.064,0.131,106500000.0,226458,0.1377,0.21,2.59,1.66%,150.05
SLB,Energy,75100000000.0,3440000000.0,28090000000.0,12.44,0.0187,99000.0,1.9,1.2,0.69,0.6,0.34,-0.016,0.08,0.207,0.124,0.159,1420000000.0,3112861,0.1661,1.8,1.8,2.90%,52.57
SNA,Industrials,13060000000.0,911700000.0,4840000000.0,84.71,0.0262,12900.0,3.1,3.5,0.27,0.26,0.118,0.039,0.132,0.209,0.165,0.249,52900000.0,58460,0.2046,1.09,3.79,1.49%,248.57
SNPS,Technology,55570000000.0,942400000.0,5170000000.0,36.99,,19000.0,1.6,1.1,0.0,0.0,0.481,0.133,0.1,0.169,0.185,0.207,152400000.0,246588,0.248,1.18,8.75,2.18%,369.85
SO,Utilities,69240000000.0,3520000000.0,29280000000.0,27.9,0.042,27700.0,2.7,0.7,1.89,1.67,0.416,0.049,0.027,0.119,0.052,0.183,1090000000.0,1098441,-0.0283,0.49,1.38,1.90%,65.9
SPG,Real Estate,39550000000.0,2140000000.0,5290000000.0,9.47,0.0589,2500.0,2.3,,8.06,8.06,0.009,-0.009,0.065,0.694,0.092,0.488,326940000.0,322546,-0.0886,1.56,2.55,1.93%,119.74
SPGI,Financial Services,107170000000.0,3250000000.0,11180000000.0,112.27,0.0106,39950.0,1.7,0.9,0.3,0.29,0.099,0.13,0.051,0.085,0.079,0.441,324100000.0,428160,-0.1184,1.12,8.28,2.18%,342.17
SRE,Utilities,46070000000.0,2090000000.0,14440000000.0,83.33,0.032,15785.0,2.2,0.6,1.1,0.94,0.13,0.085,0.027,0.081,0.032,0.159,314730000.0,413089,-0.0209,0.74,3.23,2.03%,150.19
STE,Healthcare,17750000000.0,-27900000.0,4780000000.0,60.56,0.0104,16422.0,1.8,2.5,0.51,0.5,0.142,0.119,-0.003,-0.005,0.037,0.028,99720000.0,233383,-0.1811,0.86,4.55,2.25%,184.34
STT,Financial Services,29280000000.0,2660000000.0,4090000000.0,64.64,0.0291,42226.0,2.4,,0.65,0.65,0.042,0.073,0.009,0.112,0.052,0.617,359140000.0,1208708,0.057,1.61,2.19,2.26%,83.88
STX,Technology,13200000000.0,618000000.0,9350000000.0,-2.28,0.044,40000.0,2.5,1.1,,,0.233,0.016,0.072,-8.495,0.334,0.101,206000000.0,836514,-0.2864,1.12,2.02,2.85%,64.63
STZ,Consumer Defensive,40190000000.0,101400000.0,9560000000.0,44.18,0.0146,10000.0,2.0,1.3,1.45,1.35,-0.152,0.038,0.004,0.01,0.09,0.317,189880000.0,210004,0.0251,1.03,3.58,1.52%,220.02
SWK,Industrials,12600000000.0,165500000.0,16950000000.0,65.83,0.0381,54200.0,2.9,1.2,0.77,0.55,-0.336,0.055,0.039,0.118,0.026,0.019,147530000.0,458515,-0.4368,1.32,2.79,3.22%,83.97
SWKS,Technology,17920000000.0,1180000000.0,5300000000.0,34.73,0.0216,11150.0,2.5,2.8,0.39,0.3,0.076,0.085,0.135,0.22,0.173,0.273,159800000.0,534363,-0.1277,1.28,3.0,2.71%,115.21
SYF,Financial Services,14800000000.0,2970000000.0,17150000000.0,27.26,0.0267,18500.0,2.6,,1.17,1.17,0.186,0.009,0.03,0.239,0.429,0.714,445300000.0,1948300,-0.0365,1.61,1.0,2.23%,33.78
SYK,Healthcare,97120000000.0,2360000000.0,18450000000.0,43.9,0.0113,51000.0,2.2,1.6,0.79,0.71,0.048,0.082,0.065,0.148,0.085,0.154,378500000.0,688767,0.1084,0.94,5.44,1.76%,272.35
SYY,Consumer Defensive,37640000000.0,1420000000.0,73580000000.0,2.83,0.0262,71000.0,2.5,1.2,7.69,7.2,0.049,0.044,0.064,1.081,0.162,0.032,507610000.0,655957,0.0019,1.1,1.34,1.58%,75.46
T,Communication Services,131590000000.0,-8546000000.0,120740000000.0,13.6,0.0596,160700.0,2.6,0.6,1.4,1.32,-0.229,-0.055,-0.019,-0.069,-0.036,-0.038,7170000000.0,7214036,0.0673,0.62,0.33,1.61%,18.58
TAP,Consumer Defensive,11010000000.0,-175300000.0,10700000000.0,58.59,0.0302,16600.0,3.0,0.8,0.52,0.49,-0.168,-0.006,-0.007,-0.013,0.002,0.015,216600000.0,864826,0.027,0.86,1.22,1.93%,53.35
TDG,Industrials,41300000000.0,853000000.0,5630000000.0,-58.42,,14400.0,2.0,4.2,,,0.096,0.092,0.046,-0.263,0.121,0.417,57100000.0,62034,0.3098,1.38,13.41,1.91%,760.1
TDY,Technology,19910000000.0,788600000.0,5460000000.0,174.56,,14700.0,2.1,1.8,0.48,0.44,0.209,0.16,0.056,0.1,0.071,0.18,46800000.0,21642,-0.0038,1.08,7.76,1.77%,428.91
TECH,Healthcare,11630000000.0,261700000.0,1120000000.0,11.64,0.0043,3000.0,1.6,4.4,0.11,0.11,0.267,0.145,0.112,0.15,0.132,0.307,157010000.0,260193,-0.2291,1.25,2.35,2.93%,75.88
TEL,Technology,40600000000.0,2260000000.0,16300000000.0,35.85,0.0173,92000.0,2.4,1.7,0.37,0.3,0.117,0.06,0.106,0.21,0.163,0.159,317000000.0,392619,0.0028,1.32,2.4,1.77%,129.12
TER,Technology,15960000000.0,715500000.0,3150000000.0,15.74,0.0043,6500.0,2.2,3.0,0.02,0.0,0.14,0.081,0.206,0.302,0.283,0.264,155760000.0,300923,-0.0368,1.56,2.91,2.63%,103.6
TFC,Financial Services,57190000000.0,5930000000.0,16640000000.0,40.58,0.0475,52848.0,2.7,,0.8,0.8,0.105,0.177,0.011,0.107,0.125,0.814,1330000000.0,4114594,-0.2646,1.1,1.15,2.06%,41.81
TFX,Healthcare,10530000000.0,362900000.0,2790000000.0,85.74,0.006,15500.0,2.4,2.4,0.43,0.4,0.063,0.054,0.053,0.093,0.073,0.179,46910000.0,115803,-0.3143,0.98,5.67,2.27%,231.07
TGT,Consumer Defensive,75240000000.0,2780000000.0,109120000000.0,23.94,0.0264,450000.0,2.2,0.9,1.49,1.29,0.252,0.086,0.079,0.374,0.276,0.053,460300000.0,687784,-0.219,1.03,4.13,2.33%,163.08
TJX,Consumer Cyclical,87810000000.0,3500000000.0,49940000000.0,4.88,0.0153,340000.0,1.9,1.2,0.59,0.5,0.093,0.079,0.12,0.593,0.363,0.093,1160000000.0,3054983,0.2616,0.91,1.39,1.59%,75.69
TMO,Healthcare,209730000000.0,6950000000.0,44910000000.0,112.19,0.0025,130000.0,2.0,1.5,0.78,0.66,0.236,0.165,0.075,0.163,0.096,0.183,392000000.0,417764,0.0749,0.79,12.43,2.03%,563.23
TMUS,Communication Services,173670000000.0,2590000000.0,79570000000.0,56.14,,71000.0,1.9,0.8,1.13,1.04,-0.024,0.144,0.012,0.037,0.04,0.082,1240000000.0,1760070,0.2014,0.56,2.36,1.60%,143.3
TPR,Consumer Cyclical,10040000000.0,836700000.0,6590000000.0,9.67,0.0278,12600.0,2.1,1.9,0.72,0.71,0.087,0.083,0.116,0.356,0.234,0.165,239300000.0,1055910,0.3037,1.48,1.13,2.44%,42.28
TRMB,Technology,12200000000.0,449700000.0,3680000000.0,16.39,,11825.0,2.2,1.0,0.38,0.3,0.646,0.068,0.063,0.114,0.088,0.168,247100000.0,511538,-0.21,1.57,1.45,2.57%,50.9
TROW,Financial Services,24760000000.0,1520000000.0,6490000000.0,39.48,0.0433,7868.0,3.5,,0.0,0.0,0.014,0.06,0.127,0.17,0.212,0.366,223900000.0,728428,-0.1588,1.32,3.38,2.62%,113.46
TRV,Financial Services,41170000000.0,2820000000.0,36920000000.0,92.49,0.0209,32500.0,2.7,,0.34,0.33,0.086,0.05,0.024,0.126,0.111,0.101,233100000.0,371713,0.0472,0.63,3.28,1.66%,176.4
TSCO,Consumer Cyclical,24960000000.0,1090000000.0,14200000000.0,18.51,0.018,24000.0,2.1,1.3,0.59,0.59,0.238,0.144,0.136,0.566,0.345,0.101,110360000.0,297774,0.0518,0.82,4.41,1.62%,230.65
TSLA,Consumer Cyclical,555810000000.0,12580000000.0,81460000000.0,14.15,,127855.0,2.4,1.5,0.07,0.04,0.399,0.473,0.173,0.325,0.261,0.168,3160000000.0,91600346,-0.3501,2.03,10.2,4.91%,178.59
TSN,Consumer Defensive,20750000000.0,2430000000.0,53610000000.0,55.15,0.0328,142000.0,2.8,1.8,0.43,0.4,0.132,0.068,0.067,0.125,0.125,0.064,356000000.0,964434,-0.3657,0.75,1.15,1.88%,58.56
TT,Industrials,42280000000.0,1780000000.0,15990000000.0,26.45,0.0157,39000.0,3.0,1.1,0.79,0.62,0.084,0.024,0.099,0.297,0.187,0.151,230200000.0,459110,0.3377,1.04,4.02,2.07%,191.0
TTWO,Communication Services,19380000000.0,-403400000.0,4830000000.0,56.85,,7799.0,2.1,0.9,0.32,0.29,0.38,0.145,-0.028,-0.05,0.112,-0.069,168000000.0,234417,-0.2607,0.68,2.95,2.74%,115.4
TXN,Technology,158240000000.0,8710000000.0,20030000000.0,16.07,0.0281,33000.0,2.7,4.7,0.6,0.56,0.208,0.06,0.337,0.609,0.38,0.506,907000000.0,1238866,0.0552,1.02,3.79,2.09%,176.57
TXT,Industrials,14970000000.0,862000000.0,12870000000.0,34.14,0.0011,34000.0,,2.0,0.5,0.5,0.135,-0.019,0.054,0.125,0.068,0.069,208330000.0,400013,0.0666,1.49,1.42,1.73%,72.1
TYL,Technology,13290000000.0,164200000.0,1850000000.0,63.08,,7200.0,2.1,1.0,0.38,0.36,0.012,0.171,0.035,0.066,0.053,0.116,41610000.0,76090,-0.1918,0.82,9.45,2.96%,326.63
UA,Consumer Discretionary,3940000000.0,,5280000000.0,4.12,,,3.0,,,,-0.0247,,,,,,220430000.0,938206,-0.3651,,0.35,4.14%,8.28
UAA,Consumer Discretionary,3940000000.0,156600000.0,5810000000.0,4.08,,7100.0,2.4,2.1,0.37,0.37,-0.426,-0.236,0.034,0.088,-0.023,0.035,448830000.0,3165636,-0.3404,1.63,0.4,4.09%,9.36
UAL,Industrials,17580000000.0,737000000.0,44950000000.0,21.09,,92795.0,2.3,1.0,4.56,4.12,-0.191,0.035,0.011,0.152,0.054,0.052,327000000.0,2745438,0.6477,1.45,1.52,2.68%,53.12
UDR,Real Estate,13570000000.0,82500000.0,1520000000.0,12.45,0.0361,1317.0,2.3,,1.35,1.28,-0.1,0.088,0.008,0.022,0.026,0.165,325550000.0,604807,-0.2612,0.75,1.03,2.43%,41.8
UHS,Healthcare,8720000000.0,674900000.0,13400000000.0,83.2,0.0065,71200.0,2.9,1.3,0.81,0.8,0.04,0.052,0.051,0.115,0.074,0.075,71170000.0,206181,-0.1901,1.27,4.21,2.51%,120.93
ULTA,Consumer Cyclical,26620000000.0,1190000000.0,9710000000.0,37.59,,16500.0,2.2,1.6,0.0,0.0,0.225,0.122,0.238,0.683,0.643,0.161,51130000.0,372281,0.4676,1.31,8.46,1.51%,526.91
UNH,Healthcare,438210000000.0,20120000000.0,324160000000.0,83.27,0.014,400000.0,1.8,,0.74,0.7,0.174,0.1,0.086,0.27,0.168,0.088,934000000.0,1115601,-0.0069,0.68,8.73,1.66%,470.21
UNP,Industrials,125750000000.0,7000000000.0,24880000000.0,19.86,0.0255,33179.0,2.3,0.7,2.74,2.6,0.131,0.032,0.108,0.577,0.172,0.399,612500000.0,1256260,-0.199,1.12,5.04,2.10%,203.03
UPS,Industrials,157410000000.0,11550000000.0,100340000000.0,22.87,0.0352,536000.0,2.4,1.2,0.99,0.88,0.2,0.085,0.164,0.675,0.249,0.13,865000000.0,845224,-0.0865,1.08,3.52,1.60%,185.82
URI,Industrials,32490000000.0,2100000000.0,11640000000.0,101.77,0.0124,24600.0,2.4,1.1,1.61,1.59,0.31,0.119,0.097,0.33,0.138,0.278,69390000.0,265709,0.4927,1.86,11.15,2.30%,463.77
USB,Financial Services,68470000000.0,5500000000.0,17950000000.0,29.29,0.0422,76646.0,2.5,,0.87,0.87,0.044,0.046,0.009,0.129,0.137,0.711,1530000000.0,3493711,-0.1869,0.99,0.98,1.54%,43.3
V,Financial Services,447690000000.0,14860000000.0,30190000000.0,16.96,0.0081,26500.0,1.8,1.4,0.59,0.59,0.201,0.098,0.176,0.444,0.281,0.634,2060000000.0,1920662,0.161,0.97,3.52,1.37%,222.57
VFC,Consumer Discretionary,9350000000.0,413900000.0,11700000000.0,8.56,0.05,35000.0,2.8,1.2,1.94,1.39,0.113,0.071,0.03,0.125,0.147,0.058,387740000.0,2791473,-0.5475,1.47,1.08,4.42%,23.51
VICI,Real Estate,33570000000.0,1120000000.0,2600000000.0,22.76,0.0462,23.0,1.7,,0.66,0.66,0.484,0.692,0.033,0.055,0.044,0.619,1000000000.0,2771648,0.2623,0.97,0.58,1.60%,33.9
VLO,Energy,48600000000.0,11480000000.0,176380000000.0,62.0,0.0307,9716.0,1.9,1.4,0.49,0.45,0.425,0.134,0.187,0.539,0.343,0.088,380000000.0,2465130,0.4842,1.65,4.8,3.13%,134.38
VMC,Basic Materials,23690000000.0,594200000.0,7320000000.0,52.09,0.0096,11397.0,2.0,2.0,0.58,0.56,0.146,0.135,0.04,0.085,0.069,0.13,133000000.0,178541,0.0321,0.76,4.37,2.41%,176.44
VNO,Real Estate,3620000000.0,-408600000.0,1800000000.0,24.29,0.08,3146.0,3.3,,1.8,1.8,-0.315,-0.029,-0.024,-0.081,0.019,0.148,191780000.0,1522089,-0.5876,1.38,0.73,3.11%,18.34
VRSK,Industrials,27780000000.0,1040000000.0,2500000000.0,11.21,0.0074,7000.0,2.4,0.4,2.14,1.34,0.189,0.031,0.129,0.436,0.216,0.563,156030000.0,334240,0.0101,0.84,4.33,2.19%,186.89
VRSN,Technology,20420000000.0,673800000.0,1420000000.0,-14.81,,914.0,2.0,0.9,,,0.107,0.041,0.374,-0.461,3.264,0.662,105500000.0,88494,-0.0399,1.0,3.79,1.97%,198.59
VRTX,Healthcare,73380000000.0,3320000000.0,8930000000.0,54.14,,4800.0,2.2,4.8,0.03,0.03,0.653,0.291,0.205,0.267,0.236,0.482,257000000.0,347116,0.2093,0.48,5.81,2.01%,288.68
VTR,Real Estate,18950000000.0,-47400000.0,4130000000.0,26.07,0.0375,451.0,2.2,,1.18,1.18,-0.157,0.029,-0.002,-0.004,0.021,0.109,399660000.0,400641,-0.1759,1.23,1.12,2.27%,47.68
VTRS,Healthcare,12640000000.0,2080000000.0,16260000000.0,17.37,0.0455,37000.0,2.6,1.6,0.91,0.85,0.021,0.064,0.041,0.103,0.022,0.099,1210000000.0,3339428,0.0422,1.2,0.29,2.46%,10.37
VZ,Communication Services,158240000000.0,21260000000.0,136840000000.0,21.68,0.0695,117100.0,2.8,0.8,1.65,1.54,0.092,0.017,0.057,0.244,0.101,0.226,4210000000.0,9854058,-0.3023,0.34,0.74,1.57%,37.15
WAB,Industrials,18850000000.0,633000000.0,8359999999.999999,55.81,0.0064,27000.0,2.5,1.2,0.4,0.37,0.025,0.166,0.034,0.063,0.057,0.121,181000000.0,277416,0.1225,1.49,1.86,1.74%,104.32
WAT,Healthcare,17950000000.0,707800000.0,2970000000.0,8.5,,8200.0,2.8,2.2,3.12,3.02,0.106,0.052,0.228,1.709,0.357,0.294,59340000.0,82239,0.0155,0.86,8.59,2.66%,311.86
WBA,Healthcare,29150000000.0,-2964000000.0,132180000000.0,23.83,0.0557,200000.0,2.9,0.7,0.62,0.42,0.058,0.023,-0.032,-0.12,0.046,-0.051,863600000.0,2332137,-0.2828,0.71,0.75,1.90%,34.04
WBD,Communication Services,36720000000.0,-7420000000.0,33820000000.0,19.34,,37500.0,2.4,0.9,1.05,1.04,-0.404,0.375,-0.067,-0.187,-0.059,-0.218,2440000000.0,4653186,-0.4096,1.49,0.66,4.57%,14.92
WDC,Technology,12040000000.0,-93000000.0,15750000000.0,38.1,,65000.0,2.4,1.9,0.58,0.58,0.288,-0.003,-0.004,-0.008,0.092,0.046,318000000.0,951734,-0.1735,1.7,1.14,2.62%,37.83
WEC,Utilities,27660000000.0,1410000000.0,9600000000.0,36.07,0.035,7022.0,2.6,0.7,1.52,1.3,0.072,0.046,0.035,0.124,0.056,0.2,315400000.0,243294,-0.0377,0.39,1.78,1.90%,90.46
WELL,Real Estate,36190000000.0,125200000.0,5860000000.0,41.37,0.0327,464.0,2.1,,0.79,0.79,-0.334,0.021,0.011,0.021,0.02,0.138,490640000.0,1059824,-0.1597,1.06,1.66,2.29%,74.22
WFC,Financial Services,162600000000.0,12070000000.0,54020000000.0,42.22,0.0274,238000.0,2.0,,1.09,1.09,-0.027,-0.017,0.006,0.076,0.123,0.804,3800000000.0,13274160,-0.1029,1.16,1.11,1.97%,41.68
WHR,Consumer Discretionary,7380000000.0,-1519000000.0,19720000000.0,42.71,0.0512,61000.0,3.1,1.1,3.26,3.15,-0.358,-0.015,-0.084,-0.402,-0.133,-0.054,54700000.0,297052,-0.2943,1.5,3.73,2.62%,135.84
WM,Industrials,61150000000.0,2240000000.0,19700000000.0,16.74,0.0187,49500.0,2.4,0.8,2.19,2.13,-0.013,0.063,0.074,0.318,0.123,0.171,409200000.0,1024840,0.0332,0.72,2.39,1.44%,152.87
WMB,Energy,36350000000.0,2050000000.0,10960000000.0,9.39,0.0589,5043.0,2.3,0.8,2.0,1.92,0.418,0.064,0.043,0.181,0.075,0.275,1220000000.0,2773332,-0.0762,1.19,0.61,1.88%,30.35
WMT,Consumer Defensive,371980000000.0,11680000000.0,611290000000.0,26.65,0.0165,2300000.0,2.0,0.9,0.71,0.53,0.021,0.033,0.056,0.179,0.143,0.035,2710000000.0,1745481,-0.002,0.49,2.34,1.65%,138.46
WRB,Financial Services,17100000000.0,1380000000.0,11170000000.0,24.4,0.0061,8186.0,2.1,,0.42,0.42,0.324,0.078,0.042,0.209,0.153,0.161,276620000.0,357093,0.1035,0.64,1.25,1.74%,64.7
WRK,Basic Materials,7850000000.0,807600000.0,21230000000.0,45.29,0.035,50500.0,2.6,1.5,0.82,0.78,0.055,0.074,0.028,0.07,0.055,0.057,254700000.0,531577,-0.2369,1.21,0.87,2.31%,31.12
WST,Healthcare,23230000000.0,580200000.0,2890000000.0,36.09,0.0024,10700.0,2.4,3.7,0.08,0.08,0.201,0.125,0.172,0.237,0.194,0.236,74400000.0,176615,-0.1073,1.09,8.2,2.41%,320.16
WTW,Financial Services,25140000000.0,1050000000.0,8870000000.0,91.89,0.0141,46600.0,2.5,1.1,0.47,0.45,0.148,0.016,0.031,0.097,0.067,0.134,109000000.0,159830,0.0984,0.77,4.75,2.28%,238.87
WY,Real Estate,22310000000.0,1880000000.0,10180000000.0,14.61,0.0247,9264.0,2.4,1.6,0.47,0.38,0.247,0.072,0.108,0.176,0.137,0.275,735650000.0,1018103,-0.1736,1.49,0.75,2.16%,31.0
WYNN,Consumer Cyclical,12640000000.0,-423900000.0,3760000000.0,-6.69,,27000.0,2.4,2.2,,,-0.241,-0.092,-0.034,0.689,-0.01,-0.027,112310000.0,839543,0.5443,2.04,2.94,2.51%,110.79
XEL,Utilities,35000000000.0,1740000000.0,15310000000.0,30.32,0.0323,11982.0,2.5,0.8,1.49,1.37,0.066,0.061,0.029,0.107,0.062,0.159,550000000.0,918378,-0.068,0.43,1.28,1.77%,65.42
XOM,Energy,442130000000.0,55710000000.0,398680000000.0,47.12,0.0331,62000.0,2.3,1.4,0.21,0.21,0.326,0.109,0.153,0.306,0.183,0.159,4140000000.0,5250204,0.2592,1.08,2.71,2.05%,110.54
XRAY,Healthcare,7930000000.0,-950000000.0,3920000000.0,17.71,0.0132,15000.0,2.5,1.6,0.51,0.48,0.079,-0.004,-0.114,-0.222,-0.145,-0.24,215200000.0,398554,-0.2504,0.91,1.17,2.91%,37.81
XYL,Industrials,18050000000.0,355000000.0,5520000000.0,19.39,0.013,17800.0,2.6,1.9,0.0,0.54,-0.012,0.032,0.044,0.108,0.074,0.087,180200000.0,702083,0.2389,1.08,2.2,2.03%,102.05
YUM,Consumer Cyclical,35240000000.0,1320000000.0,6840000000.0,-31.36,0.0191,23000.0,2.3,1.0,,,-0.018,0.031,0.228,-0.154,0.622,0.32,283000000.0,488984,0.1079,1.0,1.93,1.55%,127.68
ZBH,Healthcare,24950000000.0,290200000.0,6940000000.0,57.27,0.0079,18000.0,2.9,1.9,0.47,0.43,-0.123,-0.023,0.011,0.019,0.033,0.1,209900000.0,343070,0.067,1.0,2.23,1.68%,123.5
ZBRA,Technology,15610000000.0,463000000.0,5780000000.0,52.9,,10500.0,2.3,0.8,0.74,0.66,0.397,0.092,0.065,0.171,0.094,0.092,51670000.0,82386,-0.2085,1.67,9.1,2.91%,303.87
ZION,Financial Services,6810000000.0,869000000.0,2710000000.0,29.94,0.0351,9989.0,2.6,,0.15,0.15,0.154,0.043,0.01,0.177,0.422,0.887,148730000.0,2402006,-0.3143,1.17,1.57,2.33%,42.82
ZTS,Healthcare,77240000000.0,2110000000.0,8080000000.0,9.46,0.0089,13800.0,1.7,2.4,1.79,1.49,0.155,0.088,0.15,0.462,0.172,0.329,465560000.0,452613,-0.0631,0.77,3.64,2.20%,169.94
